0,vagabond1.png,99,74,1.5552916368315166,0.7541228357423599,3,1,1.8889145877651916,1.7227413880906448,9,0,7,0.9059519661727002,0
1,vagabond1.png,114,135,0.9173673098574947,1.7345444511633674,7,1,1.5868626906473289,0.26732903406941333,1,1,6,0.9580949887272663,0
2,vagabond1.png,90,73,0.3367525522734993,1.2378873779603168,2,1,1.0074214783521243,0.40278486270970526,5,0,9,0.9570254362991659,0
3,vagabond1.png,85,27,1.072291984922716,0.23721770369416317,3,0,1.2886483759541103,0.8650224547956924,8,1,6,0.9059519661727002,0
4,vagabond1.png,112,108,1.6836304416689662,1.1202377532651526,7,1,1.496389997549265,0.18017619637391954,8,1,6,0.9059519661727002,0
5,vagabond1.png,179,247,0.9170052361169652,0.14281593748514962,1,0,0.5215398684297436,0.33717342446385895,0,1,6,0.9665294014716538,0
6,vagabond1.png,39,180,1.2594495210601926,0.010473788658918959,8,1,1.481196038065494,0.9871498994932933,6,0,8,error,error
7,vagabond1.png,133,1,0.8040613802294382,1.0402560591224435,0,1,0.5805729482621912,1.2624491666447144,6,0,4,0.9580949887272663,0
8,vagabond1.png,184,198,0.08796325894704682,1.4400413320443792,3,0,1.893041121169933,1.9833049273215375,8,1,9,0.9059519661727002,0
9,vagabond1.png,178,94,1.630303320987297,0.9411669524831253,9,0,1.5352926200119474,0.04026055768126993,1,1,9,error,error
10,vagabond1.png,199,144,1.7306337178028837,0.8037811301597174,0,0,1.2252304087671924,1.479142218623522,1,1,6,0.9665294014716538,0
11,vagabond1.png,23,118,1.46641138757202,1.0999968164845808,3,1,1.724849653046663,0.11082914002993907,9,1,8,0.9059519661727002,0
12,vagabond1.png,105,52,0.9596082229723129,0.05871992012383673,1,0,0.24369392154581151,0.26269865173214657,4,1,7,0.970843846265137,0
13,vagabond1.png,93,200,0.25045976755409505,0.7467340192134243,2,0,0.538669026921791,0.7264486606162712,1,0,2,0.9903735644755036,0.9975933911188758
14,vagabond1.png,178,120,0.8363541699879983,1.9192091504229536,8,0,1.639581246700273,0.221750381633525,9,1,5,0.9059519661727002,0
15,vagabond1.png,132,129,1.7208330894716501,1.039125002086623,4,0,0.9738525695693389,1.235400036818668,4,0,8,0.9499269741971995,0
16,vagabond1.png,196,6,0.6409642097661419,0.24912542069149562,6,1,1.7716585320596716,0.19328846031455924,1,1,6,0.9510222041306895,0
17,vagabond1.png,68,254,1.2959440088458347,0.8932974801559594,6,0,0.21051704522129122,0.8467827529756825,5,1,3,0.9059519661727002,0
18,vagabond1.png,6,213,0.6746114058412012,0.5745140122542735,7,0,1.2478336661654459,1.0076003628506174,1,1,5,0.9458534278929388,0
19,vagabond1.png,142,145,1.4655794936685764,1.9495623989073254,7,1,0.4708144081763483,1.2447358726966604,9,0,2,0.9059519661727002,0
20,vagabond1.png,42,105,1.4816626721633117,0.7731096592810973,7,0,0.9256928031690025,0.11360617861352683,9,1,4,0.9059519661727002,0
21,vagabond1.png,75,1,0.9162525252795352,1.5906696467165422,9,1,1.435926852076173,1.6644944862450257,9,1,5,0.9059519661727002,0
22,vagabond1.png,156,170,1.0126225435654739,1.1707812325844844,0,1,1.1746374223916896,1.0757413425590496,2,0,6,0.9665168374676933,0
23,vagabond1.png,199,110,0.47236075886101947,0.3528335832976633,0,0,0.13349371261019008,0.47277071482949956,7,0,8,0.9498013150211916,0
24,vagabond1.png,118,120,0.7219256398223706,1.5154869598227703,7,0,1.8785096170785693,1.9457044791404858,5,1,4,0.9059519661727002,0
25,vagabond1.png,9,179,0.48019566183442297,1.1714204068196379,3,1,0.17159215748619336,1.566614323757108,0,1,5,0.9518863719433543,0
26,vagabond1.png,48,6,0.5818236962503885,0.28904561887806307,7,1,0.98261754634282,1.0138962178523936,6,0,3,0.9470589401040957,0
27,vagabond1.png,195,204,1.2503520076216434,1.6944275395596318,7,1,0.8450200958566119,0.529007644332131,6,1,9,0.9059519661727002,0
28,vagabond1.png,196,15,1.3711232136495277,1.5590825117383247,0,1,0.29605048967006425,1.5495313887986115,5,1,8,0.9483765874163493,0
29,vagabond1.png,24,189,0.44308561485400927,1.2174920551542847,5,0,0.2566726817475876,1.6964060218181085,6,0,3,0.9580949887272663,0
30,vagabond1.png,24,135,1.2198200281746652,0.9408968513103989,6,0,0.6921186902821255,0.9128924570759105,5,0,2,0.9483765874163493,0
31,vagabond1.png,198,128,0.5151850402946138,0.51075087927565,4,0,0.729098873034563,1.9910973910750165,7,0,9,0.9499269741971995,0
32,vagabond1.png,146,35,0.35076840577453916,0.14323278080959076,7,1,0.42678344234353427,1.260938474302303,1,0,7,0.9570254362991659,0
33,vagabond1.png,76,32,1.267706456228694,1.2564355594569712,0,0,0.4302617309574505,1.8520119731148492,3,1,4,0.9580949887272663,0
34,vagabond1.png,204,155,0.6693890075630907,1.1671296374097568,8,0,1.9947019228253824,1.0928160719720066,3,0,6,0.941159061648809,0
35,vagabond1.png,117,208,0.9330961301624905,0.9476497240822386,6,1,0.22947803085546012,0.3980863042914044,4,1,3,0.9580949887272663,0
36,vagabond1.png,24,31,1.537656535611568,1.257967313456153,5,0,0.05192091621263731,1.484891857940164,2,0,4,0.9483765874163493,0
37,vagabond1.png,186,157,0.8318696178137522,0.5530941442754991,8,1,1.3097244408590876,1.3871567436312815,3,1,6,0.941159061648809,0
38,vagabond1.png,191,130,1.7967068247379936,1.5437271921527354,1,1,0.8974448969430201,1.6696843341547913,5,1,6,0.9582588339199845,0
39,vagabond1.png,229,73,1.6554790118199005,0.331326564639462,6,0,1.955648338983723,0.6061743977488318,3,0,4,0.9190508823800713,0
40,vagabond1.png,96,12,1.3506163497725177,0.8689978476932326,5,1,0.9823889463781557,1.1460380719824228,0,0,5,0.9483765874163493,0
41,vagabond1.png,229,214,1.5985851312403794,0.20247443055897654,7,1,0.9705737138212333,0.824826791979609,6,0,3,0.9059519661727002,0
42,vagabond1.png,105,27,0.6989605919299425,0.40596410585806664,3,0,0.0017644560537041507,0.12163556954023219,9,1,3,error,error
43,vagabond1.png,232,74,0.9549198829120001,0.3134517576885974,5,0,1.7571196339982973,0.8534014376485135,7,1,2,0.9059519661727002,0
44,vagabond1.png,82,29,1.13198082324109,0.7575136828481509,9,0,1.9959405242859014,1.2437323208020528,2,0,9,0.9059519661727002,0
45,vagabond1.png,15,49,1.2012411486243304,0.9347332601271456,9,1,1.5835267020552106,0.06719394408162992,0,1,2,0.9059519661727002,0
46,vagabond1.png,179,115,1.9639265884504244,0.9906848643567101,1,0,0.4632177319761221,1.0712298180154962,8,1,9,0.9435062447708737,0
47,vagabond1.png,30,155,1.052282379118869,1.2592747326643439,2,0,1.524666669141464,0.6510703225276961,7,0,4,0.9059519661727002,0
48,vagabond1.png,237,137,1.3526318221371552,0.17751211129116307,1,0,0.8021878170833269,1.769565610154069,9,1,7,0.9423326532098427,0
49,vagabond1.png,25,44,1.8456737484109575,1.3197037883828935,5,0,0.7218470755736225,1.0990146374780423,7,0,7,0.9059519661727002,0
50,vagabond1.png,200,205,1.5375725221696632,1.7545901307758516,1,0,0.25643807065608876,1.0666516913507038,2,0,4,0.9708706366022264,0
51,vagabond1.png,127,119,0.8938360055405103,1.1926856783546322,9,1,1.547789845878932,1.341949521960941,6,0,8,0.9059519661727002,0
52,vagabond1.png,233,44,0.11083619423180022,1.547230807081355,4,1,1.089333029470797,1.123064333647252,1,1,9,0.9580949887272663,0
53,vagabond1.png,74,122,1.1854177768390497,1.1275433259105305,4,1,1.4326625759600056,1.5315364350780811,6,0,9,0.9059519661727002,0
54,vagabond1.png,140,32,0.13923839427568516,1.9268704605444078,6,1,0.3260540827624246,0.8780495685926414,2,1,8,0.9458534278929388,0
55,vagabond1.png,136,17,1.595465249704739,1.42094261099983,4,1,0.056548928736672555,1.0381201559681306,6,0,5,0.9580949887272663,0
56,vagabond1.png,142,36,0.4032959475736609,1.488649162134958,1,1,0.375839030304306,1.5587304899423455,7,0,6,0.9580949887272663,0
57,vagabond1.png,128,141,1.1363650714338247,0.18118664772819956,7,0,1.1591045614036501,0.30122847769378003,8,1,4,0.90980738408346,0
58,vagabond1.png,245,251,0.10653717326450246,1.886493955724609,0,1,1.8757034762085876,1.0201649614369077,4,1,7,0.9580949887272663,0
59,vagabond1.png,67,0,0.06748455341692808,1.9615602921660216,2,0,1.6961793792794528,1.7476312525459563,4,1,4,0.06554037179476473,0
60,vagabond1.png,105,234,0.3251875099164309,0.2613634965286916,6,1,0.8081249698817726,0.807568734639454,2,1,4,0.9505330179944167,0
61,vagabond1.png,244,165,1.0122798496839132,0.8714340471989632,7,1,0.6319703439129045,0.5431826913318252,3,0,9,0.9423326532098427,0
62,vagabond1.png,160,181,1.4622939301191038,1.9426052661648356,9,0,0.12118264093609112,1.5999691670323428,0,1,3,0.9059519661727002,0
63,vagabond1.png,146,97,1.580250601785811,1.8984153898767693,0,0,1.6565446690990628,1.0349582672199982,1,0,5,0.9708706366022264,0
64,vagabond1.png,118,114,0.5266378892473584,1.3655873848165365,0,0,1.3569769188640763,1.2504162127891816,4,0,4,0.9499269741971995,0
65,vagabond1.png,219,106,1.414288881455504,1.7744254943564208,7,0,0.6789835215721971,1.4464542098311008,4,0,8,0.9059519661727002,0
66,vagabond1.png,106,238,1.0722702430256832,0.7244759763281771,3,0,1.9599590527101398,1.1884455967953387,8,1,3,0.9059519661727002,0
67,vagabond1.png,139,215,0.1552898139619151,0.8943796789867015,9,0,1.8267738265989304,0.7168158960169215,0,0,8,0.9435062447708737,0
68,vagabond1.png,84,59,0.2406289698328079,1.5319854709436636,6,1,1.1143384586269263,0.3471942369084075,1,0,8,0.9580949887272663,0
69,vagabond1.png,69,244,0.2961556053134032,1.3185302201158302,2,0,1.477157058235205,0.13565603865108422,5,0,5,0.9570254362991659,0
70,vagabond1.png,231,74,0.28905224645342986,1.9713003842982157,1,0,0.07839965428438482,0.791374144701279,6,0,4,0.9580949887272663,0
71,vagabond1.png,57,67,1.1115762796437054,1.1052470885269272,8,0,1.023786999579429,1.7562872481489094,9,1,8,0.9059519661727002,0
72,vagabond1.png,64,36,0.41133370077156717,1.9278654759481306,4,0,1.5896665620540054,0.9249989538461287,2,0,8,0.9580949887272663,0
73,vagabond1.png,160,248,0.3427433779372953,0.9085916601268109,8,0,1.7010997834978523,1.8869175574715766,6,0,5,0.9059519661727002,0
74,vagabond1.png,210,120,0.5532908544378027,0.3476492950884257,7,0,0.2558872981446567,1.3937135598890074,2,0,4,0.9580949887272663,0
75,vagabond1.png,77,40,1.2941799404679257,1.4598924441062857,0,1,1.383539969881996,0.07591198742424118,6,1,5,0.9409392690626472,0
76,vagabond1.png,161,173,1.878613521885509,0.6284756506599405,1,1,1.885845194165946,1.6869428049639557,9,1,8,0.9059519661727002,0
77,vagabond1.png,120,130,0.45299759736645007,0.9924326966671588,0,0,1.0691645098142561,0.7644331581344066,2,0,7,0.9665294014716538,0
78,vagabond1.png,92,3,1.4209254078492206,1.9661349574567226,8,1,0.6717527709012414,1.7590792353120823,2,1,7,0.9059519661727002,0
79,vagabond1.png,41,56,0.12524123187901978,0.524648396283777,2,1,1.53191890626413,1.8204475112999514,3,0,8,0.9483765874163493,0
80,vagabond1.png,8,116,0.06512507300127905,1.6561725604341002,0,1,1.9300057733847018,0.5228425075955498,7,0,9,0.90980738408346,0
81,vagabond1.png,250,103,1.660022767414023,1.4297744413814897,5,1,1.064555039139057,0.6549062530157721,1,0,3,0.9059519661727002,0
82,vagabond1.png,91,61,1.7199555024802982,1.8100910020319727,0,1,1.9580842978862862,1.652843087691916,5,0,5,0.9059519661727002,0
83,vagabond1.png,241,244,0.41147550738113076,1.9053082234969207,9,0,0.4310895489808667,1.8583412492099953,2,0,3,0.9580949887272663,0
84,vagabond1.png,24,158,0.9316737000900153,1.9378752472209964,3,0,1.038660869080142,1.0348816115671433,7,1,8,0.9458534278929388,0
85,vagabond1.png,147,199,0.2252659906580084,0.6277053010782176,5,1,1.4646851471189628,1.0627137065408212,0,1,6,0.9665294014716538,0
86,vagabond1.png,5,70,0.027451816331855505,1.3945568852594104,5,1,0.7302125392172785,0.022856066461179016,5,1,2,error,error
87,vagabond1.png,37,237,1.4093991659752925,1.4701895125482487,3,0,0.4003127874394711,1.463573528697392,6,1,9,0.9580949887272663,0
88,vagabond1.png,250,238,1.4107285678735262,1.874704601532062,7,0,1.9059796498908754,0.8452629047908191,3,0,2,0.9059519661727002,0
89,vagabond1.png,184,61,1.7984626829209076,0.7049104584941837,6,0,0.26678854811387587,1.51536861601059,5,0,7,0.9059519661727002,0
90,vagabond1.png,212,105,0.6091623253811346,0.38536190487250127,9,1,0.5287182485719063,0.5001772917242558,0,0,2,0.9665294014716538,0
91,vagabond1.png,149,214,1.8775297558804938,0.250020156896174,2,0,0.301879725266265,0.2140229895113317,7,0,8,0.9465384987632167,0
92,vagabond1.png,152,245,1.1111766401147123,1.1538810712791019,1,1,0.655430280212132,1.3527373868842003,3,0,2,0.9518863719433543,0
93,vagabond1.png,174,234,1.592753829883021,0.6995441889772672,4,1,0.7781558807658101,1.8892961405201318,2,0,2,0.9580949887272663,0
94,vagabond1.png,34,201,1.3636004687750853,1.597100040118534,3,0,1.851583265235281,0.3321981049807699,0,0,7,0.9518863719433543,0
95,vagabond1.png,126,249,1.9134768167071377,0.6223619121686425,8,0,0.9007411265832556,0.582273895138033,9,1,9,0.9059519661727002,0
96,vagabond1.png,96,180,1.6761538422966813,0.7080520025682113,7,1,1.8239069800771588,1.669803474556748,7,0,9,0.9059519661727002,0
97,vagabond1.png,78,97,1.6079744785637735,1.6519885073593172,2,0,0.28417998851430304,1.1347005218543837,6,1,9,0.9580949887272663,0
98,vagabond1.png,136,59,0.9427721471193007,0.4075516793412084,1,0,0.6213790827102712,1.154286789631233,4,1,6,0.9580949887272663,0
99,vagabond1.png,154,21,1.133528390455028,0.4735002124427513,4,1,0.3398528133061852,0.2920346321383024,3,1,3,0.9569986459620765,0
0,vagabond4.png,66,5,1.0912377990108872,0.6133197713311043,2,0,1.8216159351028656,1.9668838248507883,6,0,4,0.8686265988369202,0
1,vagabond4.png,249,88,0.7489747973930023,1.1647278010117679,2,0,0.393399563344436,1.0174816088685883,4,1,4,0.9318508659537355,0
2,vagabond4.png,196,169,1.8879792611846546,1.5479272261616035,1,1,0.9427765819301401,0.8735972067810763,6,0,3,0.9301738970011659,0
3,vagabond4.png,247,173,1.867245520206539,1.6467912670483729,3,0,1.8601002128009398,0.9192731901250875,8,0,4,0.8686265988369202,0
4,vagabond4.png,163,159,0.204072091124863,0.6964655663874145,6,0,0.22170775300102538,1.156439712330154,7,0,5,0.9203055336466645,0
5,vagabond4.png,78,38,0.004121856521221404,1.0907913002781267,9,1,1.2794891784742093,0.4090392188251865,1,0,4,error,error
6,vagabond4.png,16,244,0.37620958716150105,0.29537680993136134,6,1,0.9464004512265501,0.08332078680492304,1,1,9,0.9539243049476032,0
7,vagabond4.png,161,70,1.3678047018558939,1.733169862234608,4,0,0.4115123853520587,0.4545781572589164,7,0,9,0.9232341302827853,0
8,vagabond4.png,231,196,0.999891330688639,0.6301819027534775,0,0,0.1453138289380855,0.12403496585131868,1,0,8,0.920137928086589,0
9,vagabond4.png,129,161,1.9973980203507014,0.631988467332477,1,1,1.4924507314693514,1.1544151178806048,5,0,6,0.9203055336466645,0
10,vagabond4.png,103,129,1.1003871193309611,0.9635577474385152,9,0,0.9550220637056062,0.4831778929322084,8,1,7,0.9301738970011659,0
11,vagabond4.png,99,0,0.5573548465242522,0.7179567991068015,4,0,1.024919122390984,1.0549080102696207,1,0,5,0.08938752614138,0
12,vagabond4.png,63,15,1.0930766031421442,1.7021885732221402,2,0,1.3149967465955732,1.1951952773403736,0,0,9,0.9301738970011659,0
13,vagabond4.png,9,126,0.12462151639592153,0.3212261946992843,1,0,1.6670345031418945,0.23180410062426715,6,0,3,0.884502054096897,0
14,vagabond4.png,188,50,0.3869062509897921,1.4159253161580792,3,0,1.4955939648905343,0.9164236388496141,4,1,7,0.9232341302827853,0
15,vagabond4.png,147,172,1.428374479065842,0.019311413490093108,6,1,0.8994629959630784,0.23837948623342106,8,1,2,error,error
16,vagabond4.png,83,8,0.5453171607772686,0.3122445171180246,2,0,1.3822831240619855,0.32363065324367196,2,1,4,0.9539243049476032,0
17,vagabond4.png,60,68,1.1430643170407402,0.4193838681744653,5,0,1.6631266233114386,0.38418871520391995,8,0,5,0.8893197439604479,0
18,vagabond4.png,207,57,1.3282625824135617,0.6211972071021598,8,0,1.9178296043482974,0.26301624269892054,7,0,2,0.8686265988369202,0
19,vagabond4.png,207,153,1.1268425542839475,0.35333813009684556,9,0,1.7807409578643127,1.7123129786329454,0,0,2,0.8943661799560342,0
20,vagabond4.png,105,82,0.3707761040400058,1.3411286761707415,9,1,0.3345941458879993,0.1611663419163477,8,1,3,0.9073544689961246,0
21,vagabond4.png,216,58,0.6786265858351842,1.9847521892873004,5,1,0.20466098090201695,1.8033550757766519,8,0,7,0.9108752436792201,0
22,vagabond4.png,96,153,1.0535969701520274,1.3803830612965757,3,0,1.6955252249253456,1.3659158554028943,6,0,3,0.8686265988369202,0
23,vagabond4.png,21,221,1.5320069064315522,1.208695806926591,3,0,1.9390201569191834,1.274048309325485,1,0,8,0.9252519496477309,0
24,vagabond4.png,178,250,0.5132107690366206,0.6807844459416578,3,1,1.1886045243245364,0.8036474557097818,2,1,4,0.9541312539850495,0
25,vagabond4.png,223,227,0.7651819617668015,1.7896943425230336,1,1,1.2444403195060558,1.942249470152246,9,0,4,0.8686265988369202,0
26,vagabond4.png,7,198,1.6555567262441648,1.7817962224738362,4,1,0.7374036150361241,0.8127542812726108,9,0,2,0.9232341302827853,0
27,vagabond4.png,133,100,1.76420917947171,1.0135861332203533,8,0,0.8552705922442936,1.7704841028410283,1,0,9,0.8686265988369202,0
28,vagabond4.png,23,140,1.8245845792064121,1.6674664871167149,0,0,0.15265631030913318,0.38627104131949447,2,1,9,0.8583594586441424,0
29,vagabond4.png,118,235,0.992946919525474,1.801691116618549,0,0,0.5881870861977567,0.5072720598664986,3,1,3,0.9645536973381384,0
30,vagabond4.png,240,27,1.8414653484723627,1.1507329434399851,4,0,0.9667052534457051,0.49822675542836753,6,0,9,0.9143960183623153,0
31,vagabond4.png,12,223,0.6612714410417658,0.23171865950416873,2,1,1.2431839531592623,0.4107974811346074,2,0,8,0.9535663127094477,0
32,vagabond4.png,185,2,1.4796136342303687,0.4602850455845573,7,1,1.7210419976210707,1.2928178294066974,5,1,3,0.8686265988369202,0
33,vagabond4.png,98,26,0.510683414937332,0.3427269393830714,4,1,1.2759227536770972,1.7539343626570807,5,0,5,0.9232341302827853,0
34,vagabond4.png,97,204,1.5725463029204296,0.20453280022233658,0,0,1.7758949419870993,1.932393110223901,6,0,3,0.8686265988369202,0
35,vagabond4.png,150,232,1.3853075457016981,0.9283113603385367,8,0,0.9448783083595614,1.7531380085800226,8,1,2,0.8686265988369202,0
36,vagabond4.png,34,91,0.0927604478803698,1.3154256112702734,1,1,1.422377678125101,1.9537590094184973,8,1,7,0.8686265988369202,0
37,vagabond4.png,90,35,0.8678686962812301,1.069906618961632,4,1,0.8173096428314706,0.3207009219358318,9,1,2,0.9120488352402514,0
38,vagabond4.png,39,158,1.6771783555847628,0.17917836360419953,0,1,0.2741999296865539,1.07851714406695,5,1,4,0.9301738970011659,0
39,vagabond4.png,127,50,1.2946822228123684,0.7965300653526893,3,1,1.8238897024130745,1.3033956570009546,8,1,6,0.8686265988369202,0
40,vagabond4.png,167,138,0.5635901501279958,1.7194646492606218,2,0,0.6692431763020162,0.25990032210027486,4,0,3,0.9232341302827853,0
41,vagabond4.png,8,87,1.747812890648741,1.6249585248494778,1,0,0.3060126514919352,1.617553545170945,1,0,5,0.9727814418387856,0
42,vagabond4.png,120,42,1.4899528311195027,1.6248101124144334,9,0,1.636863533160595,1.5401835120366563,6,0,8,0.8686265988369202,0
43,vagabond4.png,99,212,1.2046999963098903,1.9591440924829444,9,0,0.8524355285342038,1.0133952724608208,1,1,3,0.8686265988369202,0
44,vagabond4.png,42,34,0.35959913067869065,1.64648227512398,5,1,0.35954784837437487,1.2525818567559628,4,0,2,0.9167432014843778,0
45,vagabond4.png,85,29,1.5988711712835466,1.3818402705788202,0,0,0.22211005749198628,1.7842899812096384,5,0,8,0.9301738970011659,0
46,vagabond4.png,107,118,1.5511746326688212,1.4429764297524499,5,1,1.3971209173003334,1.51446916061809,7,0,5,0.9301738970011659,0
47,vagabond4.png,1,131,0.5980977202888319,0.46909651467778046,0,1,0.07483781333860823,0.26717607909617724,5,1,9,0.85487614495698,0
48,vagabond4.png,26,21,1.8636457464887273,1.9339152999089304,2,0,1.6791635321692644,1.869315022586716,7,0,8,0.8686265988369202,0
49,vagabond4.png,233,168,1.6569360542162992,1.388280995347287,2,0,0.1450445606349523,0.39177164392174463,5,0,2,0.9537164079204724,0
50,vagabond4.png,97,85,1.5454548412383915,1.009059756066874,2,1,1.8878776669442165,0.2873706264016247,8,1,5,0.8780765550571334,0
51,vagabond4.png,227,151,0.035334124298712015,0.837440071995063,7,0,1.0745749639499753,1.5828149386727801,6,0,3,error,error
52,vagabond4.png,192,126,1.7228811432649465,0.4376284300750997,9,0,0.35304239439811785,0.10525110262698276,8,0,7,0.8686265988369202,0
53,vagabond4.png,31,193,0.11178471612395101,0.7852752029184077,9,0,0.06652748744001584,1.5599042060237696,3,1,3,0.9301738970011659,0
54,vagabond4.png,51,115,0.2010907258007467,0.9081144727948962,9,0,1.3841565951297998,0.37692413669028596,7,0,9,0.8686265988369202,0
55,vagabond4.png,9,140,1.9857277546811696,1.4065986919285476,9,1,0.4992401285190045,0.7606709648870488,7,0,2,0.8686265988369202,0
56,vagabond4.png,44,151,1.9066574279685566,0.6883177983338309,7,1,0.07259091095278053,1.4596192532146701,6,1,4,0.8686265988369202,0
57,vagabond4.png,185,78,0.9011131873892293,0.5012847604902315,6,0,0.5069182874266572,1.3771628173027437,2,0,2,0.9350906695922943,0
58,vagabond4.png,49,2,1.1971914374337531,1.6578492504108449,2,1,0.6405731413027851,1.431190197038832,4,0,5,0.9203055336466645,0
59,vagabond4.png,132,129,1.8369207797508411,0.9818036891454375,2,0,0.4175202315936219,1.6207134683913444,7,0,4,0.9279793623959534,0
60,vagabond4.png,242,111,1.1861286132195275,0.14066366409176972,4,0,1.3557768240626182,0.2990475490878645,4,1,3,0.9419040182727528,0
61,vagabond4.png,50,193,0.7761748884757518,1.3762997881393804,6,0,0.9099440107476757,0.48088597168342906,8,1,7,0.9301738970011659,0
62,vagabond4.png,130,222,1.4390237350343809,0.9122584520395367,2,0,1.792659963255838,1.7002869477471791,7,0,3,0.8686265988369202,0
63,vagabond4.png,42,201,1.9176370070410491,1.625725842883651,6,1,1.9629450683293976,0.29986655915465527,3,1,3,0.8686265988369202,0
64,vagabond4.png,142,182,1.7737039156584804,0.7328878270366518,2,1,1.5263669499866663,1.8552690671290983,7,0,6,0.8686265988369202,0
65,vagabond4.png,114,217,0.7143381487797456,1.8474213016042624,6,1,0.2857704984458544,1.0519253809697933,0,0,8,0.9301738970011659,0
66,vagabond4.png,89,180,1.7318932608313315,1.6949277284960955,5,0,1.4221566341106124,0.019860285397913548,7,1,7,error,error
67,vagabond4.png,181,105,1.5000501094926777,1.6068482635544825,0,0,0.5993408236580156,0.3372177273179675,2,1,8,0.954475983032194,0
68,vagabond4.png,168,43,0.15241445099914913,0.9213525658028087,7,1,1.5119247765577457,1.8548600267118691,9,1,9,0.8686265988369202,0
69,vagabond4.png,146,123,0.9363996874383553,1.897765900507783,8,0,0.04493840938787058,1.9250496026269386,4,1,9,0.9301738970011659,0
70,vagabond4.png,99,53,0.5610480845244751,0.02304165190408973,2,0,1.2111105526473598,1.9472834690748122,3,1,9,error,error
71,vagabond4.png,169,182,0.7512102505536542,1.5755579987219563,0,1,1.6272077599662575,1.4909604354893342,7,1,5,0.8686265988369202,0
72,vagabond4.png,36,39,0.5479356598148573,1.4362344333450936,3,1,0.8574278964998568,1.5308899287308833,0,0,9,0.9301738970011659,0
73,vagabond4.png,38,196,1.2546023281766818,0.37247948452947593,6,0,1.3716834237849351,1.59774649428451,5,0,6,0.921645631832143,0
74,vagabond4.png,207,220,0.690000663784548,0.8159066880756349,9,1,1.892116495610437,1.0918019122056866,5,0,2,0.8686265988369202,0
75,vagabond4.png,201,217,0.5268027636579529,0.1695889585804729,9,0,0.6576905840478461,0.7743135338135345,8,0,4,0.9073544689961246,0
76,vagabond4.png,152,186,1.4968943559922179,0.18115011859347482,6,1,1.5291687901964326,1.9212332031618597,5,0,6,0.9143960183623153,0
77,vagabond4.png,197,197,0.8306293315089369,1.6306818024135536,4,0,1.352861265036891,0.8799954349532099,2,1,8,0.9203055336466645,0
78,vagabond4.png,118,236,1.7787406081878894,1.9350323047137985,4,1,0.35489410716333786,0.6925998511933387,8,0,7,0.9179167930454102,0
79,vagabond4.png,142,170,0.2683413957226997,1.8431662557986643,8,1,1.1317433114352347,1.6306209312677402,1,1,2,0.9318508659537355,0
80,vagabond4.png,135,246,0.20031955164154938,0.8024276194548886,2,1,0.21896476582231966,1.432955078312173,9,0,3,0.9279793623959534,0
81,vagabond4.png,83,12,1.3613435119942212,1.71137511807005,6,1,1.431291423502555,1.0518093752108106,7,0,5,0.8686265988369202,0
82,vagabond4.png,73,36,0.41031280335832393,1.7972293935722667,1,1,1.8184538755841992,0.05420960419107758,8,1,5,error,error
83,vagabond4.png,45,240,0.46123636258381845,0.8791061536144137,2,0,1.8899909074084822,1.7661405235667647,3,1,5,0.9279793623959534,0
84,vagabond4.png,111,171,0.29268747659080935,0.17628522842220476,5,0,1.5356160968043604,1.1781020530455553,1,0,8,0.9359554791101691,0
85,vagabond4.png,171,20,0.03779774013384768,0.18283574630175703,9,1,1.5766083469652001,1.4294078096352862,9,0,6,error,error
86,vagabond4.png,52,198,1.6927889435319086,1.5302164926680448,5,1,1.557430158351857,1.8229245005079113,8,1,8,0.8686265988369202,0
87,vagabond4.png,202,61,0.8201841874128668,0.8404078209234034,2,1,0.26874809740507866,0.5383139271392,0,0,7,0.9523512665089748,0
88,vagabond4.png,121,233,1.9616348701700572,1.1001354882751118,6,1,0.9396224480416189,0.07714313196490677,6,0,7,0.8686265988369202,0
89,vagabond4.png,77,182,0.7712736153398397,0.09637746273442258,9,0,0.9960981599703499,1.8785387572049002,1,1,5,0.9637693250321855,0
90,vagabond4.png,8,80,1.9654690601735003,1.6384282450810461,7,1,1.9735595331879585,1.5627438791212265,1,1,9,0.8686265988369202,0
91,vagabond4.png,143,241,1.7558107748854512,1.283943873071063,8,0,0.3366562002141807,1.6219086226985642,3,1,5,0.8686265988369202,0
92,vagabond4.png,77,198,1.6249880330781052,0.9734551977656783,4,1,0.3890788036003965,1.2144098180098841,9,0,3,0.9301738970011659,0
93,vagabond4.png,73,17,1.6843674840180365,1.506809243786361,2,1,1.5819495541157782,1.7036810442298054,8,1,2,0.8686265988369202,0
94,vagabond4.png,62,251,1.6898939988290727,0.7413421983225071,9,1,1.6106917653999775,1.8866713652374885,9,0,9,0.8686265988369202,0
95,vagabond4.png,219,161,1.099700810458896,1.4474144053273827,5,1,0.5254051460198641,0.3778786196130622,6,0,5,0.9190903846064412,0
96,vagabond4.png,51,27,0.8528783307450244,1.0995594218524147,4,1,1.7682448376651292,1.6399000060377016,8,0,6,0.8686265988369202,0
97,vagabond4.png,215,149,1.9705139665928844,0.7755535734656953,8,0,0.6807599467767256,1.3202115782917212,8,1,5,0.8686265988369202,0
98,vagabond4.png,78,3,1.8025165209525693,1.948300878403486,4,0,0.9745244797443179,1.2532383741872897,0,0,6,0.9232341302827853,0
99,vagabond4.png,61,126,1.2852215051345575,0.7485193044338154,9,1,1.3429942718133911,0.05527785328359676,1,0,6,error,error
0,light_and_shadow1.jpeg,30,148,0.4335907344713443,1.1258763764848518,0,1,1.8107002010587823,1.256502171195899,5,1,7,0.7818714630873506,0
1,light_and_shadow1.jpeg,252,246,0.7568052181734065,0.80567840511121,2,0,1.191429188181294,0.5176637424348973,8,1,2,0.7394572582239368,0
2,light_and_shadow1.jpeg,75,80,0.5404603721231401,0.3418464165536991,8,0,1.8226313243210357,1.3589548510144198,5,1,6,0.7536018833848293,0
3,light_and_shadow1.jpeg,39,160,0.8474342274606922,0.6429235676441715,3,1,0.7200532298005244,0.7825837504557905,0,0,6,0.8741622849223047,0
4,light_and_shadow1.jpeg,186,79,1.9283705010528436,1.8558224377465526,5,0,0.9094356500289051,1.2578294590825836,0,0,7,0.7529949366919471,0
5,light_and_shadow1.jpeg,226,114,1.3729785889660933,1.9899508972792406,2,0,1.9307281587511953,1.122766487760508,6,0,3,0.7436568878953855,0
6,light_and_shadow1.jpeg,86,162,1.1177519859169682,0.6605444269859923,7,0,1.1411376879001842,1.4881200470396778,5,1,8,0.7819794372894973,0
7,light_and_shadow1.jpeg,234,51,0.3876863670903266,0.43641722565543944,8,0,0.10365698457316434,0.23752560799820993,8,0,3,0.7859702294097166,0
8,light_and_shadow1.jpeg,193,105,1.5522961169279466,0.8287552993569426,9,1,1.56664052042539,1.9329427833768507,1,1,5,0.7395618683998632,0
9,light_and_shadow1.jpeg,99,19,0.6135481473873765,1.0383793346150954,5,0,1.6242884635224957,0.8958525879196024,0,1,9,0.820989320835295,0
10,light_and_shadow1.jpeg,64,233,0.39490087709596705,0.8868959849557153,9,1,0.5498969263544844,0.3962985343509028,9,1,2,0.7637582358829649,0
11,light_and_shadow1.jpeg,201,92,0.6608149651004737,1.5427327770112909,4,0,0.8538085596287706,0.6497350980134363,7,1,7,0.7599968664187653,0
12,light_and_shadow1.jpeg,240,43,0.752060941621792,0.9735817737842464,1,1,0.6507181218971794,1.4996978754898038,3,0,4,0.8229279276734625,0
13,light_and_shadow1.jpeg,171,68,1.9846960857815081,1.9015271129355877,2,1,1.2938951966784165,0.08036522993312634,2,1,8,0.7667276179562545,0
14,light_and_shadow1.jpeg,135,251,1.7225013526365656,0.5718697544736346,3,1,1.4090784418803195,1.1380699666532912,9,1,9,0.7334863319453462,0
15,light_and_shadow1.jpeg,244,48,0.5393300446089785,0.8272003685294255,4,1,1.4972854616617335,0.07926249008194236,2,1,6,0.7588185907771345,0
16,light_and_shadow1.jpeg,171,209,1.1706243163224295,0.4293519580444905,7,1,1.905085362240814,0.115805648170565,4,1,6,0.7697255220007916,0
17,light_and_shadow1.jpeg,154,66,0.9047144601168404,1.7565635277588552,2,0,0.5122417520458427,1.2556479896155979,2,0,2,0.8506473906738374,0
18,light_and_shadow1.jpeg,87,228,0.05273151440539497,1.965692003202805,5,0,0.5158314751604972,1.6826531710553811,7,1,6,0.7959646106754658,0
19,light_and_shadow1.jpeg,147,115,0.9664636139060739,0.6392459237706285,8,1,1.0035490502321613,0.9383992897170687,7,1,3,0.7610918798956685,0
20,light_and_shadow1.jpeg,235,126,1.2619064065697838,1.5586756045761252,2,1,0.12341312248180386,1.9681231726304167,9,0,9,0.6548752642782807,0
21,light_and_shadow1.jpeg,195,156,1.5104838658022743,0.2413040373916542,8,1,1.499156916416912,0.02134329907215084,9,1,5,error,error
22,light_and_shadow1.jpeg,67,98,0.14948289206803658,1.8244763871341405,9,1,0.8426878089762699,0.4787538506822577,9,1,6,0.6548752642782807,0
23,light_and_shadow1.jpeg,82,95,1.6906975038638279,1.9422078010951676,3,0,0.6944776380225737,0.802913704105289,9,1,7,0.7554136160278274,0
24,light_and_shadow1.jpeg,144,134,0.4315067455662821,0.22916012377004438,7,1,0.7134214031752201,1.9493322822747883,6,1,7,0.7319042044252586,0
25,light_and_shadow1.jpeg,200,88,0.4966411472048144,1.3854108978137436,8,0,1.116423111421058,1.9615910783606536,5,0,4,0.7316068206483557,0
26,light_and_shadow1.jpeg,11,98,1.599757405159652,1.4128861630031218,0,0,1.4698752750127875,0.3058369497748792,9,1,7,0.49431822082414506,0
27,light_and_shadow1.jpeg,70,171,0.1882683167069827,0.7401546413834046,4,0,0.11661692912199427,1.5945402865756169,7,1,4,0.9330083667028527,0.9904297666718361
28,light_and_shadow1.jpeg,67,230,0.47293809977388296,1.5095633189948912,7,1,0.5289927430931067,1.3323738272422319,8,0,2,0.7615051944461444,0
29,light_and_shadow1.jpeg,37,179,0.07471427305581282,1.7384621028659575,8,0,1.2644792383566155,0.9191373721706676,1,0,3,0.7474112101088949,0
30,light_and_shadow1.jpeg,186,1,1.671003075836892,1.3080822684385458,4,0,0.1926532586289641,0.7884859435540118,0,1,9,0.7604341086544437,0
31,light_and_shadow1.jpeg,124,122,0.007123017936513124,1.6957328739015936,2,1,0.5119948899380812,1.698699053094781,1,1,5,error,error
32,light_and_shadow1.jpeg,164,40,0.9563083335764965,0.6969552130508245,0,1,1.152414001496044,1.7452674820112657,8,1,4,0.6873094692942534,0
33,light_and_shadow1.jpeg,74,91,0.9872296277383306,0.28971204219926194,3,0,1.5529079683516722,0.8854054265333993,6,0,9,0.7639951675449985,0
34,light_and_shadow1.jpeg,94,97,1.6899445372960031,0.9232278135999988,6,0,0.20596083156799314,0.6666582728486803,9,1,9,0.7719368397662408,0
35,light_and_shadow1.jpeg,158,47,0.45468940532973273,0.9615272041254207,4,1,0.3491055989585107,1.6188953835071422,1,1,5,0.8528201042909991,0
36,light_and_shadow1.jpeg,100,18,1.0968206712293453,1.8332050159057738,7,0,1.1324692056947072,0.38796980429758904,6,0,4,0.72863854218058,0
37,light_and_shadow1.jpeg,165,229,0.11607805653968095,1.1845872653206009,7,0,0.37961927078864877,1.048605233909693,5,1,8,0.8072545286703913,0
38,light_and_shadow1.jpeg,71,139,0.625050898542931,1.1838813457179138,2,1,0.254771037445967,1.8208139794372538,4,1,7,0.8627460007800509,0
39,light_and_shadow1.jpeg,72,128,0.3426280880904641,0.22354928488773088,0,1,0.12184802860723608,1.460795383827614,7,1,6,0.9446494890781806,0.9920927841540259
40,light_and_shadow1.jpeg,83,76,1.1110150940821042,1.746256583276847,7,0,0.21049290177154698,1.085516008442641,9,1,9,0.7180402723268181,0
41,light_and_shadow1.jpeg,109,107,1.4774704742214142,1.3696625952351063,7,0,0.9213672729970941,1.00842198000457,4,0,6,0.7414642985734344,0
42,light_and_shadow1.jpeg,97,192,0.1150979120145009,1.5163712642741718,3,1,0.3313113189597576,0.2165772291745308,1,1,3,0.9708034765124999,0.9958290680732141
43,light_and_shadow1.jpeg,146,217,1.5673870230201994,0.43124347844269373,9,1,1.3046154634380762,1.5888929460886636,3,0,3,0.7610918798956685,0
44,light_and_shadow1.jpeg,48,252,1.6180981886915267,0.21720747047171757,3,1,0.258087746187471,0.8897550307489123,0,0,9,0.7767797147970138,0
45,light_and_shadow1.jpeg,139,125,1.8116989677595916,1.9615762563240724,6,0,1.3142189863659959,1.4322089205672728,5,1,4,0.735068459465434,0
46,light_and_shadow1.jpeg,193,232,1.2078329092040039,0.7010620635306952,3,1,1.5869637937808723,0.42104842673532966,3,0,2,0.7689681971311679,0
47,light_and_shadow1.jpeg,132,147,1.6436035032316065,0.6567835944051169,3,1,0.6630993017532385,1.511418554683502,8,0,6,0.7526548542013072,0
48,light_and_shadow1.jpeg,19,2,0.2303078817130638,0.5357628828413527,6,1,0.1540978065105316,1.7398051073605767,9,0,5,0.7156940336925711,0
49,light_and_shadow1.jpeg,188,145,0.4301089789780759,0.5284829091565634,1,1,0.7348063067760957,1.8368417607950003,0,0,2,0.95455111688755,0.993507302412507
50,light_and_shadow1.jpeg,252,50,0.15283222664959628,0.18330654300439145,4,0,0.9722309914743186,0.5818566004604983,8,1,5,0.7462505257682623,0
51,light_and_shadow1.jpeg,10,107,0.8768101463878956,1.269240076521567,2,0,0.3061149336152821,1.5025762693346072,4,0,9,0.5463713267552038,0
52,light_and_shadow1.jpeg,153,241,1.9007634713729378,0.8336945326325046,7,0,0.49246471690754823,0.8899131812192072,7,1,7,0.729627150024999,0
53,light_and_shadow1.jpeg,85,249,1.7244428392896185,0.3640012156114639,6,1,1.9835588673822078,1.4081756937488705,3,0,3,0.7800811312500734,0
54,light_and_shadow1.jpeg,185,250,0.02564606230578516,0.9906390699774874,1,0,0.06195895133045981,1.174127854420249,0,1,5,0.9558782944958447,0.9936968992136919
55,light_and_shadow1.jpeg,210,117,1.2184619152503282,1.8527031674667087,9,0,1.9490821264924763,0.6331022630366904,1,0,6,0.6548752642782807,0
56,light_and_shadow1.jpeg,194,157,0.8943440184793426,1.1548994775354453,0,0,0.25365149419113553,1.1990210064012818,6,0,5,0.8284340104735696,0
57,light_and_shadow1.jpeg,207,232,1.7400714150739531,0.6480773653179264,1,1,0.958363442926429,0.2633625829857901,1,1,6,0.8477732517240429,0
58,light_and_shadow1.jpeg,181,93,1.6967974809353712,0.07431765555074524,3,0,1.9220236002540618,0.157255051452517,0,0,2,0.7697255220007916,0
59,light_and_shadow1.jpeg,84,155,0.12110547289685034,0.5032007482250298,3,1,1.1188521108778384,0.7846649597813043,1,0,6,0.8596427175454932,0
60,light_and_shadow1.jpeg,151,242,1.8649259183066502,1.4689618141748169,3,1,0.10316447555920323,1.1752093904247145,1,1,9,0.7640326953899197,0
61,light_and_shadow1.jpeg,63,85,0.1385325858790037,0.7083110976726505,9,1,0.5302868368055894,0.3165259215259026,7,1,3,0.7676253149096021,0
62,light_and_shadow1.jpeg,170,236,0.452545680085793,0.6271141124430489,5,0,1.2582816517688242,1.581277495763671,3,1,4,0.7619487583936909,0
63,light_and_shadow1.jpeg,143,49,1.1992368268908469,1.2632745132148078,3,1,0.0373256511831524,1.5523685520598327,0,1,3,0.7686281146405282,0
64,light_and_shadow1.jpeg,241,43,1.3973450752207408,0.34104163285338346,8,1,0.4248500708297755,0.2505335378754565,9,1,4,0.7346753454793443,0
65,light_and_shadow1.jpeg,185,155,0.17954046054837322,0.6749060311704778,8,1,0.5657339982265489,1.822640879356029,2,0,3,0.8250392737227731,0
66,light_and_shadow1.jpeg,48,213,0.82089042794401,1.4456668314145102,2,1,1.8743738209851182,1.3040790758551406,0,1,4,0.8741053874481568,0
67,light_and_shadow1.jpeg,12,133,1.8433551951369502,0.026743561512807608,2,0,0.26100125445693545,1.9991758357482095,3,0,4,error,error
68,light_and_shadow1.jpeg,214,55,1.9860048024216463,0.03550085717839887,9,0,0.5163130470283323,0.34120866437349806,0,0,3,error,error
69,light_and_shadow1.jpeg,164,117,0.1109308264889059,0.42193211386158147,5,1,1.082525688685293,0.8561008188892684,4,0,4,0.7590829683813366,0
70,light_and_shadow1.jpeg,84,65,1.4439129349766011,1.4540678294237215,3,1,0.7038618769433139,1.3793941911553118,3,0,3,0.7702048494822922,0
71,light_and_shadow1.jpeg,105,213,1.5257133228410247,1.560913055874886,4,1,1.5840660903307784,0.045441731921776,6,1,2,error,error
72,light_and_shadow1.jpeg,146,92,0.33208713685797586,1.8862040727958567,1,1,0.2646963529573901,0.9272998140705112,1,0,8,0.9671420937529168,0.995306013393274
73,light_and_shadow1.jpeg,192,131,1.5981303795777833,1.360394220402412,0,1,1.6823376821994958,0.8409346123828311,4,1,9,0.7600483570024096,0
74,light_and_shadow1.jpeg,77,167,0.8012640905835003,0.04217709324519618,7,1,0.11189981991547947,0.43849054635910784,5,1,5,error,error
75,light_and_shadow1.jpeg,145,41,1.9431861157947414,0.7557523128150789,9,1,1.2286400927158065,1.7933473880637627,9,0,7,0.6548752642782807,0
76,light_and_shadow1.jpeg,93,1,0.9006574065846569,0.030112488363838816,0,1,0.8652678255933917,0.7497068529032642,8,1,5,error,error
77,light_and_shadow1.jpeg,127,189,1.82592852765772,1.4870609824978451,2,1,0.1090923242225873,1.792939274552531,5,1,5,0.7526548542013072,0
78,light_and_shadow1.jpeg,164,205,1.4261441720921268,0.5538582151318916,2,1,0.2311131490376528,1.151305905171705,3,1,3,0.8031482895961177,0
79,light_and_shadow1.jpeg,115,102,1.0462601934228737,1.7399354112296275,7,0,0.14571422091678432,1.0131150611574167,0,1,6,0.72863854218058,0
80,light_and_shadow1.jpeg,203,222,1.891502908346445,1.9506212855497962,9,1,0.61273830418859,0.7765466204615425,9,1,6,0.6705373368462552,0
81,light_and_shadow1.jpeg,30,201,1.1909847272026381,1.5014451665381368,1,1,1.2569006438905197,1.2027105990193032,9,1,3,0.7748059532371132,0
82,light_and_shadow1.jpeg,204,60,1.4275038489089684,1.5587524267476767,6,1,0.08810351738204897,0.9745357524283206,4,1,6,0.7525576944562686,0
83,light_and_shadow1.jpeg,15,184,0.5824245952899202,1.532126627034282,4,0,0.5950719836462872,0.4875915420503974,8,0,6,0.7643083455344811,0
84,light_and_shadow1.jpeg,175,230,0.40962935950307366,1.570395162865717,6,0,0.4489269104430109,0.6571287157906213,7,0,9,0.782496569842357,0
85,light_and_shadow1.jpeg,102,182,1.1899191725367764,1.4533398666139843,6,0,0.8220185418859326,0.9965603381225716,8,0,6,0.7432435021784519,0
86,light_and_shadow1.jpeg,176,163,1.6352505194635603,1.1511327127834086,1,0,1.4319091768416612,1.578756612284277,8,1,5,0.7537916335855034,0
87,light_and_shadow1.jpeg,183,250,0.7420156622976734,0.15700380699175948,2,1,1.0185274087569565,0.2191005828154562,9,0,7,0.7483484415093388,0
88,light_and_shadow1.jpeg,8,8,0.5056134965449254,1.5415948281677088,9,1,1.734169955287503,1.7696858363574408,0,1,6,0.41995019176702175,0
89,light_and_shadow1.jpeg,54,59,1.4644089445164934,1.1055686210318532,5,0,1.759583804326865,1.5907737636756751,8,0,9,0.7448496543195757,0
90,light_and_shadow1.jpeg,116,22,1.0576840797006917,0.8855385313273845,5,0,1.2626349823196537,0.30346888035956776,7,0,7,0.7438231225051806,0
91,light_and_shadow1.jpeg,81,236,0.07875644287710112,0.3729310433179833,6,1,1.6296479725531798,1.477016033373402,3,0,5,0.7819794372894973,0
92,light_and_shadow1.jpeg,66,147,0.35290218046317146,0.4542770266540091,6,0,1.185009041908649,1.004035506945412,7,1,4,0.7825378197647571,0
93,light_and_shadow1.jpeg,67,174,1.1731901652791517,0.4500792548398097,1,1,0.5741738560450703,0.5038686079610734,0,0,3,0.8870173654221658,0
94,light_and_shadow1.jpeg,145,179,0.6166517215252181,0.8268310968163401,2,0,1.794132977474438,0.39428019816554083,7,1,9,0.7667626572224964,0
95,light_and_shadow1.jpeg,45,170,1.8557812588415081,0.14618719161101265,4,1,0.6507812260002186,1.5938470299020038,8,1,8,0.753213236676567,0
96,light_and_shadow1.jpeg,209,223,1.2786300382418885,0.8478964551398555,7,1,0.3700953475466401,0.037263997062803936,8,1,6,error,error
97,light_and_shadow1.jpeg,28,203,1.4009737761668157,1.2697584446594403,4,0,1.9988041895680757,1.1077215077855858,7,0,7,0.7664406565994343,0
98,light_and_shadow1.jpeg,102,123,1.5447651938010636,0.7785073400187299,8,0,1.0776330656194058,0.5682069047108645,1,0,9,0.7545212908392471,0
99,light_and_shadow1.jpeg,119,93,0.44579845070442686,1.7012335822215787,4,0,1.076534455036442,1.4735918097816183,8,1,8,0.7479758644245098,0
0,light_and_shadow2.jpeg,94,237,0.7946896928881624,0.5891110339043161,0,0,1.3236210195147542,0.5421445631233915,3,1,6,0.8987888542243695,0.979757770844874
1,light_and_shadow2.jpeg,63,95,0.5923343266653073,1.797469787016487,6,0,1.044279167224414,1.65859129713702,7,0,9,0.8672170296994194,0.9734434059398838
2,light_and_shadow2.jpeg,118,185,0.11010767184382864,1.0174511114407045,5,0,0.2649674827405467,1.4249842101038193,7,0,4,0.7626244652758197,0
3,light_and_shadow2.jpeg,105,81,1.075508545292609,0.34813305597003985,8,0,0.08067938577980494,0.20813037502137333,5,0,6,0.7934362780289681,0.8709759694736388
4,light_and_shadow2.jpeg,71,63,0.773038581229755,1.7303156931378672,6,0,0.14698170795956253,1.8968880774106929,5,1,7,0.8800529778224179,0.9760105955644836
5,light_and_shadow2.jpeg,98,13,0.1249103211872065,1.2523283290184744,6,0,0.36046733939893144,0.016830284879744434,8,1,2,error,error
6,light_and_shadow2.jpeg,21,68,0.18598903445589335,0.9533019473720663,3,0,0.8711757204591334,0.39994931882076823,5,1,6,0.9086119293536605,0.981722385870732
7,light_and_shadow2.jpeg,164,149,1.496402355482424,1.5140151830906832,3,1,1.3191876733654657,0.20572006081959085,4,0,9,0.7776531778724959,0.859949582742199
8,light_and_shadow2.jpeg,5,182,0.2740336890594607,1.9037088299282043,6,0,0.7245390558878098,1.3792454274465407,2,1,8,0.4299912561615579,0
9,light_and_shadow2.jpeg,212,76,1.4782917279026384,0.7046276409630731,8,1,1.9892934637091677,0.8584474020633435,1,0,8,0.6963248966801046,0.7396443726826357
10,light_and_shadow2.jpeg,65,81,1.8239079114409182,1.8412834838312482,9,0,0.5683141955944564,1.2451129605466686,3,1,8,0.7418317764966829,0
11,light_and_shadow2.jpeg,95,236,0.738726818769066,0.5515300666626448,6,0,0.9075195051159568,0.6651157312277772,5,1,8,0.863973836652121,0.972735878311061
12,light_and_shadow2.jpeg,122,233,1.536118908691941,0.3489777609025546,9,0,1.0244116657369888,1.5280737468654624,8,0,3,0.7078134873605862,0
13,light_and_shadow2.jpeg,132,252,1.4330514586058287,1.4112829739671622,8,0,1.51642390504271,1.1496992538156445,7,0,7,0.6901801600344085,0
14,light_and_shadow2.jpeg,223,249,1.0986717350105588,1.078765536698704,3,1,1.7600602893480795,1.557294420491998,1,1,5,0.7470621449064603,0.854104315722711
15,light_and_shadow2.jpeg,230,97,0.8146242689649625,1.009883455154021,1,1,0.4394758868438279,1.9436029210364623,8,0,6,0.6402310875064822,0
16,light_and_shadow2.jpeg,225,204,1.0959535663619384,1.0873990065350778,6,0,0.8787534329074594,1.1078293782998074,0,0,6,0.7406674290318971,0
17,light_and_shadow2.jpeg,242,55,1.5987487716386846,0.28339484357853717,1,0,1.416609522212022,1.6451316585565339,5,1,9,0.7343070814357769,0
18,light_and_shadow2.jpeg,19,94,0.9815738747392473,1.940691441277373,8,0,0.23942558921657894,1.2638832188613893,7,1,2,0.7162556262571464,0
19,light_and_shadow2.jpeg,214,184,0.9030323531944473,1.5339292065666017,8,1,0.5305524198200485,0.29390322996124923,8,1,3,0.6402310875064822,0
20,light_and_shadow2.jpeg,126,131,1.4954234014071268,1.1182746748314878,2,1,0.14906053921413318,1.0599576146481815,9,1,7,0.751843367768093,0
21,light_and_shadow2.jpeg,178,122,1.4379533148025605,0.5063705903022825,3,0,0.4114929791588151,0.10337270062003451,5,0,4,0.7634768898064044,0.8573872647026999
22,light_and_shadow2.jpeg,20,227,1.3738289750832466,1.7091471560738405,1,1,0.06211447531792424,0.3361095532965293,4,1,3,0.8413847574251715,0
23,light_and_shadow2.jpeg,121,117,1.7980225966547296,0.2639858577385928,4,0,0.39447244003965515,0.5972958844754186,2,0,8,0.8021555310769803,0.8296292811770698
24,light_and_shadow2.jpeg,237,92,1.9549594077731982,1.0801402895272365,5,0,1.1882740803935126,0.2649030417225804,1,1,8,0.6883297276135036,0
25,light_and_shadow2.jpeg,228,71,0.008386529770945561,1.726783208489952,6,0,1.7052622351810092,0.9274398268880234,7,0,8,error,error
26,light_and_shadow2.jpeg,119,36,1.8597199947897989,0.7476963864773435,1,1,0.3022041460058859,1.039400216139527,5,0,6,0.8686870800144351,0
27,light_and_shadow2.jpeg,192,245,1.0165661092502056,0.40760781763180765,4,0,1.0188502493328255,0.9457603442396607,8,1,5,0.7260540550987853,0
28,light_and_shadow2.jpeg,5,172,1.126212825169005,0.758422363321384,7,0,0.23823596995223503,1.0550510091163896,7,0,3,0.45431177881395285,0
29,light_and_shadow2.jpeg,91,130,1.8913472907380977,1.9167520802698428,2,0,0.051798561639894415,1.461105571436534,7,1,2,0.8011115476511211,0
30,light_and_shadow2.jpeg,141,187,1.9686583034840415,0.7015537483280712,9,1,1.3911539148711742,1.2492980045565143,6,0,8,0.7285954264225013,0.7459708789951669
31,light_and_shadow2.jpeg,248,199,1.445360943459324,0.10860971067173449,4,0,1.7536009055171033,0.5872875185083125,5,1,8,0.719797360039859,0.856295268660874
32,light_and_shadow2.jpeg,199,210,0.057658165341610564,1.8793119163446579,6,1,0.585524282565049,1.7122653265180927,6,0,7,0.697403995625027,0
33,light_and_shadow2.jpeg,164,10,0.8868570288988767,1.6392942847247112,6,0,0.8110925395096812,0.2567064817529053,0,0,9,0.722639162825585,0
34,light_and_shadow2.jpeg,183,2,0.8934424649122917,0.7532614131827798,3,0,1.506913549049108,0.2992322555204805,6,0,2,0.7369595546130435,0.8597298693795599
35,light_and_shadow2.jpeg,234,160,0.6132106129851891,0.3718553890403702,0,1,1.9602950609206482,0.6204940446896582,4,1,5,0.7224736162002289,0.8568227464878054
36,light_and_shadow2.jpeg,16,15,1.3102091061808125,1.2243242033513362,2,0,0.4510619636726664,1.8325888840680042,9,0,8,0.6962825701945735,0
37,light_and_shadow2.jpeg,76,74,1.40548077225201,1.3809337879459997,5,0,1.6460791884573114,1.9352001393128129,8,0,7,0.7415164374727161,0
38,light_and_shadow2.jpeg,77,219,0.2146030813993011,1.4602003892470055,7,1,1.969265733871892,1.6959412075629707,4,1,7,0.896196686340735,0.979239337268147
39,light_and_shadow2.jpeg,159,72,0.9996643308291508,0.1412665579974467,6,0,0.8435770935069624,0.36199264003665244,2,0,9,0.7779431280731953,0.8600075727823384
40,light_and_shadow2.jpeg,9,220,0.014410028813917432,0.5606864875701402,1,1,0.006558499048831808,0.6349278744997613,3,0,4,error,error
41,light_and_shadow2.jpeg,168,102,0.3955809488804631,0.06889360598029008,9,0,1.9691919093916066,0.23652042933845155,7,0,9,error,error
42,light_and_shadow2.jpeg,91,235,0.26536441707782593,1.1183790262217912,1,1,0.3962209469525355,0.14181558643912273,8,1,8,0.9146187135929976,0.9829237427185996
43,light_and_shadow2.jpeg,51,249,1.5239160138582457,0.43304708540854103,2,1,0.10274495069420274,1.6242997659939913,1,1,6,0.9208395979955659,0.9841679195991132
44,light_and_shadow2.jpeg,19,46,1.2797054775861925,0.8723944316748052,5,1,0.1200070732103025,0.37751744093155304,8,1,7,0.820439686913658,0
45,light_and_shadow2.jpeg,118,201,1.9783897534289971,0.7281153314276165,8,1,0.4385417942299888,0.8479913723815758,2,0,6,0.7465412746229577,0.7497729240206703
46,light_and_shadow2.jpeg,79,170,1.9934301521917126,1.5998963611467414,8,1,0.8113620638503458,0.463154801095635,7,0,9,0.7421049799083307,0
47,light_and_shadow2.jpeg,225,155,1.2972028861561469,0.1353831325608526,3,1,0.47930666525999654,0.9047097918431081,8,0,3,0.746327117347656,0
48,light_and_shadow2.jpeg,178,39,0.5435529876490675,0.054203876616891175,0,1,0.8898136636549402,0.40212554613008344,7,0,2,error,error
49,light_and_shadow2.jpeg,0,23,0.8976280524161369,1.960051528032302,9,1,0.7011216830354359,1.6929049047702545,8,0,5,0.38120860906835724,0
50,light_and_shadow2.jpeg,21,137,1.5441437571622703,0.19596244979123356,7,1,1.8003723619735676,0.09837801420012031,9,0,2,0.8466717045065179,0.7286118705409532
51,light_and_shadow2.jpeg,201,180,0.8456783743948706,1.7748739527634367,1,1,0.14719399667003347,1.2836354017647724,4,1,6,0.7668070510210729,0
52,light_and_shadow2.jpeg,116,143,0.7856438865016644,1.0011022138395123,0,1,0.895580772384696,1.5387235880470118,9,1,4,0.6972024917905927,0
53,light_and_shadow2.jpeg,167,182,0.21878334326433999,1.6546560365988088,3,0,0.36763820595642777,1.6010756042538878,0,0,8,0.7916357988379286,0.8063953850600256
54,light_and_shadow2.jpeg,205,219,0.6089851444642683,1.936739052108387,2,0,1.8368423040722657,1.3380003903199043,8,1,3,0.6762598597478071,0
55,light_and_shadow2.jpeg,191,183,1.3924248063076552,1.894774710749574,0,1,1.9111045543329521,0.7559384576001901,7,0,6,0.6979919929673912,0
56,light_and_shadow2.jpeg,99,125,0.7742352901966442,0.6187276071057758,3,1,1.7983128575427887,0.09744375095166104,6,1,4,0.83104898409951,0
57,light_and_shadow2.jpeg,168,202,1.2568850030691843,1.368269401835775,9,0,0.042713261425998156,1.8525211670487431,6,0,6,0.6399366528745626,0
58,light_and_shadow2.jpeg,213,203,1.3378286296416242,0.4438673155124036,4,1,1.356102555146407,1.0841503210502093,8,1,3,0.6847712821540907,0
59,light_and_shadow2.jpeg,165,246,1.5160641537244337,0.3696871668209081,4,0,1.6244797071751276,0.09609833470798151,9,0,8,0.7260139042776182,0.745205348952176
60,light_and_shadow2.jpeg,51,222,0.5883931608877835,0.9853786167629981,2,1,1.4573999600791,0.2289504536072149,4,1,9,0.8891819838290498,0
61,light_and_shadow2.jpeg,165,186,1.9611019165546952,1.300217771259808,3,0,1.7259550803492718,1.2547992906634178,8,1,9,0.7121034447586743,0.7424232570483872
62,light_and_shadow2.jpeg,172,93,0.3129159885900644,0.24342497804004365,1,0,1.7369354765558498,1.6811902824493496,2,1,3,0.7677242393479113,0.8582367346110014
63,light_and_shadow2.jpeg,163,156,1.1616091967529683,0.13842217760949754,7,0,1.8126594720094436,1.5041582395488433,3,0,4,0.7461377982153552,0.8613217799407827
64,light_and_shadow2.jpeg,40,129,0.5743916528093562,1.876349076716053,4,1,1.3989153023780383,1.2110469385533995,1,1,5,0.9617231425254757,0.9923446285050952
65,light_and_shadow2.jpeg,26,128,1.398699965870988,1.0728939020255999,3,1,0.17109920977569779,0.259296029074405,3,1,5,0.8917195727448308,0
66,light_and_shadow2.jpeg,193,177,0.3577754629327524,1.5766655132863756,1,0,1.5451408531973396,0.6918091095930515,7,0,6,0.6979919929673912,0
67,light_and_shadow2.jpeg,236,223,1.5384857117911506,0.883660729126491,5,1,0.5604954172667089,1.6363523439593708,9,0,9,0.6384644797149646,0
68,light_and_shadow2.jpeg,110,81,0.11620713452196495,1.0257241992095902,5,0,0.2613257595607299,0.04794339344593965,8,1,3,error,error
69,light_and_shadow2.jpeg,138,23,0.28254835446784454,1.2712650572178104,6,0,0.08376633651078079,1.6124859482393268,0,0,7,0.8054378147823803,0.830095238973352
70,light_and_shadow2.jpeg,138,196,0.744860774290512,0.7306482996816273,5,1,1.952706441879682,1.048099919662673,3,0,7,0.7839527953789175,0.8614824458172026
71,light_and_shadow2.jpeg,30,112,1.2522327911601983,1.1970707251090742,9,0,1.8426907872718905,0.45968840910182646,4,0,8,0.8519002554656432,0.7271396973813552
72,light_and_shadow2.jpeg,204,99,0.040875564464742435,1.6724619441742279,4,1,0.054936751133877526,0.9451260950225889,6,1,7,0.7608198047887634,0
73,light_and_shadow2.jpeg,205,138,0.8582838881503217,0.9531388695052823,3,0,0.3119255835574804,1.633160242613686,3,1,6,0.7608859250441888,0
74,light_and_shadow2.jpeg,105,29,0.4537108065177741,0.4797858653540403,1,0,0.7252043351137822,1.9679551417016719,7,1,2,0.725530280372388,0
75,light_and_shadow2.jpeg,176,86,0.4500769824174055,1.5789555712993844,3,1,0.9372880155114216,1.4047146944223046,9,0,5,0.6399366528745626,0
76,light_and_shadow2.jpeg,149,184,1.969991236034498,0.9904204816410211,1,0,1.5076472563054988,1.8366729888500304,2,0,2,0.7885497453482202,0.8621288962373436
77,light_and_shadow2.jpeg,153,93,0.3123922011647492,1.7392127239604158,2,1,1.0089344424662197,1.995683024709124,6,0,4,0.7277406670926062,0
78,light_and_shadow2.jpeg,189,8,0.54883883793522,1.4894975701181743,4,1,1.5513005153029358,1.864293819747641,1,0,2,0.7668070510210729,0
79,light_and_shadow2.jpeg,249,81,1.3339050709456997,1.2300545219886145,3,0,0.9198998356974635,0.7441126113310561,2,1,5,0.7459789853242916,0
80,light_and_shadow2.jpeg,1,57,1.5538911975420304,0.22892870680150756,9,1,1.0061081199403932,1.5566377524868193,6,0,9,0.38120860906835724,0
81,light_and_shadow2.jpeg,144,16,1.069892246835187,1.9640436283815377,0,1,0.6314881178713503,1.5686784332050394,2,1,5,0.8496484581177633,0
82,light_and_shadow2.jpeg,74,88,1.553788365533524,1.660035611936457,8,1,0.8540815774461348,1.3123043539638317,1,0,7,0.7524238936828808,0
83,light_and_shadow2.jpeg,173,25,0.8602547169653567,0.816502122204234,9,1,1.1858947587059316,1.4935025892640597,2,0,4,0.7575784514542795,0.8562434784542194
84,light_and_shadow2.jpeg,10,130,0.5936320772546924,0.5645646022414131,2,1,1.5175940372734056,1.294635400688927,2,0,3,0.39607497417801113,0
85,light_and_shadow2.jpeg,50,160,0.2698706946455522,1.5216231528604323,4,1,0.10313999135343117,0.20037460232495805,8,0,9,0.9521155616938974,0
86,light_and_shadow2.jpeg,168,247,0.8851373791238918,1.5951454786722805,2,0,1.4952166502511068,1.3850516716685692,6,1,8,0.7351929468215259,0.8593765478212564
87,light_and_shadow2.jpeg,234,102,0.30724539604398976,0.082518177620639,3,1,1.353240371938433,1.7110863764622983,8,0,8,0.6402310875064822,0
88,light_and_shadow2.jpeg,105,103,0.6087872621320151,1.243097929322409,7,0,1.3435201117801974,0.767111687803096,2,1,7,0.7915559266977171,0
89,light_and_shadow2.jpeg,107,93,1.1677830769912672,0.5462360670006485,3,0,0.6725442261019842,0.8615443733643259,7,1,5,0.8210551077057313,0
90,light_and_shadow2.jpeg,222,243,1.6495986116728247,0.9842497648013797,7,1,1.5382957213376278,1.8463778503929837,4,0,3,0.6976975583354715,0
91,light_and_shadow2.jpeg,86,194,0.1726042347705245,0.6939454147935682,7,0,1.04358573008098,0.8201528940203044,1,1,2,0.9576867453819278,0
92,light_and_shadow2.jpeg,224,186,1.7703869002907842,0.09201345938746239,1,1,0.8780277193921912,0.4012511754954263,2,1,8,0.7854140710752724,0.8401490937939237
93,light_and_shadow2.jpeg,82,165,1.8904961963818074,0.8589077355016266,9,0,0.6199347950384846,0.6883668323263549,2,1,8,0.7977847178668311,0.719719944656981
94,light_and_shadow2.jpeg,232,225,1.5376667453190336,1.4893736700201516,9,0,1.74639852278582,0.6878488066370774,3,0,4,0.6441480316558782,0
95,light_and_shadow2.jpeg,117,22,0.7773034989479242,1.5126947016589962,8,1,1.6011017321450698,0.6210628017350357,3,0,6,0.7593109117215131,0
96,light_and_shadow2.jpeg,139,100,0.43282734239140996,0.3070506919681627,3,1,1.984270377313699,1.0537931100604818,3,1,9,0.781844619440618,0.8610967120514873
97,light_and_shadow2.jpeg,63,119,1.0734647663700962,0.9742763678035747,2,1,1.9913185337737993,0.25358378564348366,1,1,4,0.9854297588951815,0
98,light_and_shadow2.jpeg,18,79,1.0156808177148096,0.34155349040072264,8,0,1.4528078792331938,1.0456580048236757,0,1,7,0.7844156585059763,0
99,light_and_shadow2.jpeg,167,180,0.8590504633664278,1.1141247399839935,3,1,0.5030170507472679,0.9270703363919978,0,0,6,0.8047352771455274,0.8653791417501999
