0,vagabond1.png,152,34,1.1677260340283457,0.8243294445775718,9,1,1.5974537174539094,1.4219959695227453,8,1,2,0.9059519661727002,0
1,vagabond1.png,89,4,1.4885989427158353,0.6628964072497286,6,0,1.0333695054355057,1.3926725580011308,8,1,6,0.9059519661727002,0
2,vagabond1.png,188,236,1.1128099937937799,0.18877783329853043,7,1,0.774918671646092,0.805350735458765,3,0,2,0.9593036993542403,0
3,vagabond1.png,103,58,0.11929191811247099,1.245562149200069,2,0,0.2106923102821228,0.5647844417504856,4,1,3,0.9665294014716538,0
4,vagabond1.png,71,54,1.2043550931251914,0.18713825115095906,0,0,0.7657532735349042,0.43561553211203,7,1,7,0.9593036993542403,0
5,vagabond1.png,242,215,1.9134993738794654,1.965949525987221,3,0,0.3774699246424497,1.7851867026732573,9,0,9,0.9580949887272663,0
6,vagabond1.png,230,183,1.5883981352544354,1.8476280661736255,3,1,0.9510217687289626,0.5150455705083602,1,0,9,0.9580949887272663,0
7,vagabond1.png,28,234,1.316787093369383,0.7400349681871502,3,1,1.8050178549812252,1.9325194453118906,9,1,7,0.9059519661727002,0
8,vagabond1.png,46,60,0.2654043982960214,1.5998203167881777,6,0,1.19248864925379,0.14787247169267936,1,1,6,0.9582588339199845,0
9,vagabond1.png,245,23,1.2263138874650514,0.3289708700293869,8,1,0.8079578068245444,1.9625776941321953,7,0,9,0.9059519661727002,0
10,vagabond1.png,5,135,1.0617648485755995,1.3911320013032489,5,0,0.3795350245549424,1.4106062295237527,2,0,3,0.9580949887272663,0
11,vagabond1.png,88,179,1.3096718726320435,1.7195117388976005,3,0,1.8172853779603042,0.6748727485904349,5,0,7,0.9059519661727002,0
12,vagabond1.png,239,133,1.216250453948855,1.307610955848233,2,0,0.6742268443348994,0.8759497854640957,4,1,7,0.9499269741971995,0
13,vagabond1.png,116,251,1.2263012626531498,1.0572510466987906,5,1,1.6525637355274623,0.08618762060174395,2,0,5,0.9545245135565121,0
14,vagabond1.png,184,3,0.1363757874865027,1.4008651099933727,3,1,1.2048021324206,0.7961663183647528,8,1,2,0.9059519661727002,0
15,vagabond1.png,19,234,1.2774745965362,0.48476839276464345,5,0,1.682934140426927,0.9653912849248917,1,0,3,0.9655242326146619,0
16,vagabond1.png,222,133,1.4825000211723227,0.5387222012500905,6,1,0.3212263815991999,0.24102622909323557,4,1,5,0.9059519661727002,0
17,vagabond1.png,92,230,1.2105847548588575,1.0159651447959597,5,0,1.9520592400783552,0.3632602412154202,5,1,2,0.9059519661727002,0
18,vagabond1.png,18,38,0.9516894543255189,0.2010019455210595,6,0,0.1132096305763094,1.8977732327592907,4,0,3,0.9580949887272663,0
19,vagabond1.png,48,21,1.9528214497532126,1.933136709839458,2,0,1.4341274388661887,1.476885913047636,6,1,3,0.9376382869657134,0
20,vagabond1.png,238,105,0.6215590767760947,1.7935766747779796,4,0,1.5193388311386111,1.1684497267145662,3,0,9,0.9518863719433543,0
21,vagabond1.png,153,241,1.4162420741885118,1.8778773927972492,5,1,0.6216424059976055,0.5552668597387848,1,0,7,0.9580949887272663,0
22,vagabond1.png,237,24,1.300787580892329,0.2810174152745378,4,0,1.0611855615503125,0.17287867848846442,4,0,4,0.9597774421418299,0
23,vagabond1.png,181,69,1.4319823672943386,0.9774775488503117,0,1,1.7409394651775694,0.9261681839598511,6,0,3,0.9059519661727002,0
24,vagabond1.png,173,43,0.22427662357263928,1.6244053614243137,7,0,0.8067744254737771,1.9201702544846715,5,0,8,0.9483765874163493,0
25,vagabond1.png,73,59,1.8477368444379243,0.5775422486843005,5,1,1.2111859269834306,1.8499543287658877,3,1,9,0.9059519661727002,0
26,vagabond1.png,211,211,0.9844186177344947,1.0832521791062684,3,1,1.713203252819616,0.8425304609615876,1,0,5,0.9518863719433543,0
27,vagabond1.png,178,62,0.9526980724085188,1.0246105057704982,9,1,0.15707920063726616,0.36748814359979326,0,1,6,0.9580949887272663,0
28,vagabond1.png,86,5,1.0794356034389199,1.4415551152926802,0,0,1.8684418109247696,0.1668356541409706,0,0,9,0.9757367504929687,0.9938208455250872
29,vagabond1.png,191,128,1.3300435213481967,0.7357405853157681,3,0,1.47863311119069,1.6491812834520854,4,0,7,0.9458534278929388,0
30,vagabond1.png,237,60,1.7290748832040101,0.5079176411358852,9,1,0.9030746397927086,1.2669543545364335,5,0,7,0.9059519661727002,0
31,vagabond1.png,242,0,1.9041759276401393,1.1210923719473687,7,0,1.0513704408789994,1.5915132515378643,8,1,7,0.06554037179476473,0
32,vagabond1.png,32,231,1.658314980906814,1.3941472349915267,0,0,1.180699426853141,0.9502830985721218,2,0,6,0.9766257400804591,0
33,vagabond1.png,146,235,1.2207788782187037,1.692213498069908,8,0,0.4512752151385472,1.7060230714780553,3,0,2,0.9059519661727002,0
34,vagabond1.png,131,17,0.7795231459070179,0.6977114897238781,3,1,1.205285680218938,1.4656394360611253,3,1,7,0.9518863719433543,0
35,vagabond1.png,134,24,0.26355707777497167,0.6111387695598195,4,1,1.2821853484976344,1.3571718885835138,0,0,7,0.9665294014716538,0
36,vagabond1.png,40,56,0.45891702124054445,1.0313381791768763,9,1,0.7206130084942741,0.49116199478201783,7,0,9,0.9435062447708737,0
37,vagabond1.png,218,83,1.3346167464497918,1.1214976954733233,7,0,0.12210855023021058,0.5426258502660156,1,0,9,0.9059519661727002,0
38,vagabond1.png,221,120,0.0314303933643933,0.6946190623922271,3,0,0.2020347182924506,0.26012226805475364,9,0,4,error,error
39,vagabond1.png,48,196,0.6377317080103492,0.21551201711047516,9,1,1.5931540492734746,1.0022904805293593,1,1,4,0.9442188348692002,0
40,vagabond1.png,69,128,1.5082818313248818,1.5985084483395373,2,0,0.9251363578255395,1.9283582598118494,1,0,8,0.9545245135565121,0
41,vagabond1.png,39,171,0.5894225569444329,1.181242918748219,5,0,0.1547814718003342,1.6970373777652366,7,0,9,0.9458534278929388,0
42,vagabond1.png,94,254,1.5555858186837241,1.1604707403698236,6,0,0.6097469318190059,1.479105873478262,5,0,5,0.9059519661727002,0
43,vagabond1.png,0,120,0.22697236897626702,1.9933776631058886,4,1,0.9592429036028913,0.5606150431786473,4,0,8,0.9499269741971995,0
44,vagabond1.png,84,129,0.24397325079545334,1.541212955115559,0,0,0.11929837795804904,1.3747893722604365,4,1,4,0.9580949887272663,0
45,vagabond1.png,82,63,1.290610158772633,0.41134228426702346,0,0,1.188661594542793,1.9526943486729145,4,0,8,0.9499269741971995,0
46,vagabond1.png,19,198,1.8377498639645713,0.15461413256512893,4,1,1.700980982934636,1.7720144551502113,0,1,2,0.9613065828051537,0
47,vagabond1.png,100,157,0.9951275814298937,0.07506547360910525,1,1,1.0404467262326993,0.6468043515981305,4,0,8,0.9595995373290747,0
48,vagabond1.png,241,200,0.5620843591278282,1.333836886169444,7,1,1.6388161006408783,0.5983676676180456,2,0,3,0.9545245135565121,0
49,vagabond1.png,226,148,0.07392180204403913,1.2957356806108702,8,0,1.953770343798085,1.5173054665577053,0,0,2,0.9580949887272663,0
50,vagabond1.png,75,105,0.969842847145985,0.66961878541483,2,0,0.21745611800396117,1.959515872539028,2,0,7,0.9545245135565121,0
51,vagabond1.png,82,147,0.24333896245677444,1.5812608877267778,4,0,1.6352915842711035,0.9521855601494651,2,1,3,0.9545245135565121,0
52,vagabond1.png,47,189,0.9905181882625445,1.480505389616561,6,0,0.9963906258507403,1.4184661630245006,4,0,3,0.9423326532098427,0
53,vagabond1.png,185,59,1.4666460519559739,1.8216008638191445,5,1,0.9191086633569704,1.7738316973361146,3,1,6,0.9483765874163493,0
54,vagabond1.png,186,56,1.6528149898746451,0.5151078074632384,7,0,0.028807684288955592,0.22844368347127342,6,0,2,error,error
55,vagabond1.png,159,136,1.372081596705454,0.5680363249039355,3,0,1.4444674081769344,1.9650653836173153,8,0,3,0.9059519661727002,0
56,vagabond1.png,119,0,0.4331906431304195,0.028452565691244762,4,1,0.3582598757084779,0.4222665505873132,5,1,2,error,error
57,vagabond1.png,53,209,0.5453045372618022,1.254683741744224,7,1,0.41225716881299496,0.5057095330953435,9,1,8,0.9580949887272663,0
58,vagabond1.png,77,185,1.6074855256407765,0.10628102883595414,0,1,0.4629904035734402,0.3019534019887426,9,1,7,0.9547057724051493,0
59,vagabond1.png,145,156,0.4336159770805452,0.08363078098296274,3,0,1.1387364115794398,1.535804839219701,6,0,2,0.9470589401040957,0
60,vagabond1.png,245,244,0.5125275772087841,1.3066966130350233,3,0,1.0392318716750635,1.7900489573565654,4,1,7,0.9458534278929388,0
61,vagabond1.png,43,7,0.15978493360335785,1.3585013579953291,3,1,1.521706345756071,0.06284103952374318,3,0,6,0.9483765874163493,0
62,vagabond1.png,119,64,0.6182293716780298,0.8565951727094905,9,1,0.6408500876527141,1.6274040927917917,9,1,4,0.9435062447708737,0
63,vagabond1.png,173,199,1.213511545257274,0.2757820875024215,0,1,1.72273718019617,0.6549066961097749,8,0,6,0.9059519661727002,0
64,vagabond1.png,252,223,0.015284427965659712,1.9806028001433507,7,0,0.06394093141818241,1.1845674540223587,0,1,2,error,error
65,vagabond1.png,13,122,1.1282188039633692,1.0041073050128224,8,0,1.7151906221669098,0.8416303100608126,1,0,5,0.9059519661727002,0
66,vagabond1.png,10,128,0.44390044568679343,1.6217709497795876,0,1,1.9764219252158155,0.2846000173609663,7,1,6,0.90980738408346,0
67,vagabond1.png,32,179,1.1814514450295686,0.7189146469109106,5,1,1.7645799407229046,0.13782481626542312,2,0,6,0.9483765874163493,0
68,vagabond1.png,40,102,1.6170615758055762,0.7968444656038258,8,0,0.5336228938628738,1.0319283612023378,1,0,5,0.9059519661727002,0
69,vagabond1.png,63,196,0.721314659688402,1.1542375376557645,8,0,1.2679708002716386,1.1042643736488709,5,0,3,0.9580949887272663,0
70,vagabond1.png,239,35,0.31625855750468873,0.6999094622047348,9,1,0.514174042615838,1.5568973614377501,6,0,9,0.9364646954046836,0
71,vagabond1.png,89,233,1.3239203954246141,0.7003069185494566,0,0,1.5535921096873728,0.625031597590593,8,1,5,0.9059519661727002,0
72,vagabond1.png,139,29,1.8603848301203636,1.673207818191045,7,0,0.7088418409991738,0.43294616214386916,5,1,8,0.9059519661727002,0
73,vagabond1.png,51,160,0.035274745039338015,0.7168898634989938,1,0,0.8242907620102492,1.369157146162103,5,1,8,error,error
74,vagabond1.png,30,146,1.453646070677125,1.9842932339377526,4,0,0.35112249119740757,0.8736462638838483,0,1,2,0.9580949887272663,0
75,vagabond1.png,45,202,1.2659266378781893,1.6634214446854436,6,0,0.39362206136985617,0.6507427252101453,8,1,4,0.9580949887272663,0
76,vagabond1.png,154,46,0.025255118264699505,0.13418262873104367,1,0,1.888081747498045,0.3634757195835903,0,1,9,error,error
77,vagabond1.png,228,71,1.754572671007683,1.4334515337899434,3,0,1.8540330472430195,1.6022554624000052,1,0,6,0.9582588339199845,0
78,vagabond1.png,243,152,1.108536202132731,1.519233537517669,2,1,1.107655271906482,0.1385594404393035,6,1,4,0.9580949887272663,0
79,vagabond1.png,223,212,0.9514577872053993,0.9080632320269332,0,0,1.9884650532084367,0.12299473194481902,8,1,3,0.9190508823800713,0
80,vagabond1.png,19,70,0.8032598228618127,0.6342776186616764,0,0,0.14221775597587202,0.6840847844625207,6,1,8,0.9483765874163493,0
81,vagabond1.png,163,136,0.48738542891182757,1.8317327713165665,3,1,0.33547998024016223,1.2149635375012275,3,1,2,0.9470589401040957,0
82,vagabond1.png,117,230,0.76483126485285,0.08251045998511365,4,1,1.6010733951293536,1.468752132174213,5,1,3,0.9580949887272663,0
83,vagabond1.png,91,69,0.7265767927774416,1.646084007779915,1,1,0.25563151930805383,1.403570437880809,9,1,9,0.9580949887272663,0
84,vagabond1.png,141,207,1.8530151794022947,0.7687283779361935,3,0,0.7229714721896915,1.5079558480884458,1,1,9,0.9634949186657444,0
85,vagabond1.png,101,112,0.05883955672070243,0.593044505011086,5,0,1.3119065537484744,1.2566476125257107,3,1,2,0.9518863719433543,0
86,vagabond1.png,50,11,0.7099056029092341,0.661793786610599,9,0,1.7555704297088426,1.4160773512877574,8,0,3,0.9059519661727002,0
87,vagabond1.png,51,243,1.7947363681433495,1.7430758682878806,1,1,0.8170653655721744,1.527936670108095,0,1,5,0.9708706366022264,0
88,vagabond1.png,208,155,0.049841449711046946,0.28335852064022476,2,0,1.3777201074753116,0.8466763356695397,2,1,7,0.9766257400804591,0
89,vagabond1.png,213,140,0.42959556914431346,1.436761837474782,7,1,0.9984297771605034,0.2639722952680014,5,1,3,0.9483765874163493,0
90,vagabond1.png,75,33,0.49684225256785375,0.2014001743393324,6,0,0.7722922014808161,0.5261757266515937,8,1,4,0.9470589401040957,0
91,vagabond1.png,70,10,1.642747902843229,0.9721811652806597,2,0,1.2681157006588648,1.495380501599258,5,0,8,0.9545245135565121,0
92,vagabond1.png,125,72,0.7543310870069119,0.3086077351733337,7,1,1.2413080320377963,0.9703605019921596,3,0,2,0.9706491333536454,0
93,vagabond1.png,1,224,1.9596092789805257,1.1402265364222173,9,0,1.9273546913165909,0.8578750875222976,8,1,2,0.9059519661727002,0
94,vagabond1.png,178,225,0.9249346971915529,0.3775309502044558,6,0,1.1966959757183673,0.5924781277254844,4,0,8,0.9613065828051537,0
95,vagabond1.png,20,227,1.5131161762853753,1.8903927203460438,9,1,1.4362976837152512,0.5340873469576243,2,0,6,0.9059519661727002,0
96,vagabond1.png,197,179,0.6486019514752646,1.5577314025817168,7,0,1.0245908976894091,0.8543558223429428,8,0,9,0.9059519661727002,0
97,vagabond1.png,196,39,0.6278788299460513,1.281108748972786,0,0,1.9701671377027172,1.9000024185615243,8,1,7,0.9059519661727002,0
98,vagabond1.png,70,57,1.3585926417486949,1.5815494281718767,4,1,1.5269000370913124,0.5561638904396805,3,0,8,0.9458534278929388,0
99,vagabond1.png,187,233,0.6309418911259237,1.7147828990955452,0,1,1.70348272803348,0.4178497694024741,8,1,2,0.9059519661727002,0
0,vagabond4.png,157,253,1.19562035004021,0.835519639631706,3,0,1.1494106255125058,0.3342065992866123,3,0,2,0.944791113526687,0
1,vagabond4.png,226,46,1.9890400650779387,0.5277344285131246,7,0,1.998335064234778,1.7082790134502166,5,0,2,0.8686265988369202,0
2,vagabond4.png,50,112,1.1366586836421229,1.6791261210113764,5,0,1.7991778195928014,1.728876207781848,4,1,2,0.9167432014843778,0
3,vagabond4.png,178,241,0.9659581811343396,0.5965657542216988,5,1,0.1813268875797523,1.6206118258649236,4,0,5,0.9167432014843778,0
4,vagabond4.png,229,85,1.6299292607267273,1.0522840529520152,9,0,0.5647925989120488,1.6345625279800036,9,1,2,0.8686265988369202,0
5,vagabond4.png,139,17,1.7062861758774437,1.8086050015403912,0,0,0.9628505977872411,0.37288401923859343,3,1,9,0.9496530132435267,0
6,vagabond4.png,59,227,0.3181907623597303,0.03204622503431953,8,0,0.3962753228303899,0.8404191556482533,6,1,9,error,error
7,vagabond4.png,221,107,1.4715429194060228,1.4480421609492218,1,1,1.5083468363506496,1.9058143370092921,4,1,5,0.9203055336466645,0
8,vagabond4.png,169,242,0.7895956451256793,0.5394810284659454,6,1,0.9550373754907135,0.3629235267557864,1,0,5,0.9301738970011659,0
9,vagabond4.png,210,189,1.8157544839018933,1.2689560914772369,9,1,0.7970017426568546,1.2204192269010292,1,1,9,0.8686265988369202,0
10,vagabond4.png,205,58,1.76694187121445,1.0929164567423277,8,0,1.666882579356053,1.010439030556436,0,1,8,0.8686265988369202,0
11,vagabond4.png,196,14,0.1865196428560794,0.07938851613489128,4,1,1.801859532779425,1.2951247243696584,8,1,7,0.8686265988369202,0
12,vagabond4.png,222,33,1.4959619264266464,0.6604138017230686,6,1,0.36690200834891934,0.36045444917362884,0,0,2,0.9190903846064412,0
13,vagabond4.png,87,20,1.365173385862019,1.6753263333173287,3,1,1.5690892683417779,0.9937554669661802,3,1,6,0.9252519496477309,0
14,vagabond4.png,97,253,0.919162218048167,0.4231621378459628,0,0,0.8955016102962776,0.2342597084377409,8,1,6,0.9372187420517014,0
15,vagabond4.png,239,149,0.11756081120271779,0.1096704771893843,2,1,0.9605275165413724,0.37042548764480526,6,1,7,0.9442247212407269,0
16,vagabond4.png,167,173,0.553127077298537,1.1209847827569268,6,0,0.5673437744346747,1.529474481847886,6,0,8,0.9301738970011659,0
17,vagabond4.png,34,182,0.5752536038258205,1.8899264536054787,0,1,1.6199179379574986,1.0310545038606016,6,0,7,0.9301738970011659,0
18,vagabond4.png,77,118,1.2403511672445684,0.1958433405666049,5,0,0.17493325581432062,1.9318455143019946,2,1,4,0.9279793623959534,0
19,vagabond4.png,14,82,1.0664196794367538,0.034455088860694434,3,1,0.2676185686377336,1.1422407489587925,4,0,3,error,error
20,vagabond4.png,118,166,1.656509398731887,1.2737338757493808,5,1,0.7045586679556738,1.1940350413848917,7,0,3,0.9132224268012841,0
21,vagabond4.png,219,169,0.8949720612736716,0.1665603839548228,8,1,0.008348844001900689,0.6357078150567304,7,1,8,error,error
22,vagabond4.png,89,218,0.18499873812228984,0.7924186088844176,0,1,1.1162356110326563,0.14148966502771718,1,0,2,0.9539243049476032,0
23,vagabond4.png,100,23,0.6437074992294647,1.7747743453801113,3,0,1.4915012123957587,1.6604499295707449,0,1,7,0.9252519496477309,0
24,vagabond4.png,207,192,0.41555771631852834,1.7849029817142306,6,0,0.08270074585057656,0.4683114470743515,7,0,3,0.9301738970011659,0
25,vagabond4.png,72,101,0.19767733921315622,0.9024917730667542,1,0,0.4885169524181649,1.7092728143458995,4,0,6,0.921645631832143,0
26,vagabond4.png,88,48,0.6314086248201862,0.6115881243005147,0,1,1.3782710438713397,0.11851698571292862,0,1,3,0.9655583068328504,0.9950377849406614
27,vagabond4.png,199,183,0.9555571499407871,1.0931081703949148,4,1,0.6482952576301863,1.067037125017157,1,1,7,0.9318508659537355,0
28,vagabond4.png,91,178,1.9446474967595504,1.880935246505627,2,1,0.3151061196598492,1.9894911719728978,2,1,9,0.9279793623959534,0
29,vagabond4.png,219,11,0.9741653628947059,1.9100392084885425,6,0,1.2930691420609808,1.1520060521862623,0,1,3,0.9190903846064412,0
30,vagabond4.png,173,202,0.6630801693500883,0.3099240015411937,8,0,0.009445009858086093,0.7536528455978544,7,1,9,error,error
31,vagabond4.png,175,88,1.1126179199094122,1.754327599413539,9,0,1.8985339461122057,1.0969311569985907,6,0,5,0.8686265988369202,0
32,vagabond4.png,162,229,0.41311884820840505,1.3414331968553417,3,0,0.567028305029554,1.9725896734282478,7,0,5,0.9301738970011659,0
33,vagabond4.png,49,42,1.0107656439926898,0.15265646832962843,7,1,1.6768266972298767,0.6907979657501007,0,0,3,0.9430667405413167,0
34,vagabond4.png,10,105,0.30029645508498837,1.3765860449179586,5,0,0.36789106951049566,1.2065598301993343,8,1,7,0.9120488352402514,0
35,vagabond4.png,208,51,1.4796727923849102,0.06539413361243346,3,0,1.4790364968254999,0.39829070887936907,9,1,6,0.8943661799560342,0
36,vagabond4.png,109,82,1.1759551431202246,0.990344242179826,1,1,1.5273082063528634,0.3801267189376516,7,1,2,0.8999365478578663,0
37,vagabond4.png,22,220,0.1104402924470574,1.4793444143990238,4,1,0.8944750798862497,0.3052106950250512,0,0,2,0.9301738970011659,0
38,vagabond4.png,203,228,0.15738700218431198,0.8156214334650836,2,0,1.724411794408648,1.2805363284631848,3,1,7,0.9279793623959534,0
39,vagabond4.png,180,39,1.4970176561495214,1.1369071422048551,6,0,0.2592103142023688,1.9279053702467155,7,1,2,0.9203055336466645,0
40,vagabond4.png,49,74,0.01426391792857808,0.9484715724707149,6,1,1.685508526173678,1.8765765968796078,7,1,5,error,error
41,vagabond4.png,27,141,0.28076391487473146,1.4433402352268918,3,0,0.374347313096714,1.9734694360025733,1,1,9,0.9318508659537355,0
42,vagabond4.png,40,114,1.2211508809317022,0.3478275433180325,4,1,1.3037003279940031,1.0290782460974925,3,0,3,0.9252519496477309,0
43,vagabond4.png,94,24,0.6695018219515886,0.9210112586799282,1,0,1.515653454282131,1.6033059737926711,2,0,2,0.9252519496477309,0
44,vagabond4.png,14,196,0.21296785072876265,0.2605569036730095,9,0,1.0055040979478027,1.1162838730614697,0,1,6,0.9340382415013442,0
45,vagabond4.png,18,213,1.67781290174595,0.012764945411988124,0,1,0.8021402901316559,1.2626738111129516,9,0,6,error,error
46,vagabond4.png,127,254,1.225964319824821,1.2804687393135146,9,0,0.2086348477021234,1.202536301017465,2,1,5,0.8686265988369202,0
47,vagabond4.png,146,78,1.8205875832495773,1.0668665254335246,6,0,1.250297374986934,0.15941449438702887,5,0,9,0.8686265988369202,0
48,vagabond4.png,190,67,1.1035880378476255,1.0527823570151909,6,1,1.194891766860901,0.03619790353077754,8,0,5,error,error
49,vagabond4.png,144,66,0.35073175165939674,1.0762263994695456,5,1,1.8071273846428457,1.2989436172902482,8,1,7,0.8686265988369202,0
50,vagabond4.png,219,125,0.618754331596646,1.2100248086709247,4,1,1.0444268865344366,0.29042177485728055,6,1,4,0.9318508659537355,0
51,vagabond4.png,122,176,1.5752795550575747,1.050487543130039,7,1,0.23581681884218983,0.8614856531609166,8,1,9,0.8686265988369202,0
52,vagabond4.png,240,10,1.6580291849864224,1.9737759106747912,3,0,1.0142908247853522,0.606454822079987,2,1,6,0.9203055336466645,0
53,vagabond4.png,195,28,1.6396811299469385,1.9768092189326727,4,1,1.5152983342302224,1.19735846731579,1,0,7,0.921645631832143,0
54,vagabond4.png,77,250,0.2617197792682694,0.2706211986846148,4,0,0.788114708394664,1.8465292631988595,0,0,3,0.9583989895241221,0
55,vagabond4.png,27,1,0.5808355309489687,0.9078676761415726,5,1,0.08093298467285773,0.2624038845250292,7,1,7,0.9301738970011659,0
56,vagabond4.png,118,31,0.8319284238800038,0.3213734970237472,9,0,1.6024738221956607,0.09240036664489647,0,1,8,0.9392899180821233,0
57,vagabond4.png,55,74,0.9453273387576672,0.07045510365334526,0,1,0.39995903809430183,1.0297381748072862,7,0,2,0.9301738970011659,0
58,vagabond4.png,135,35,0.4529232739852529,1.227092153282304,0,1,1.1481706744731293,0.5767750085493083,6,0,8,0.9203055336466645,0
59,vagabond4.png,56,246,0.598546138462551,0.1227048674526086,0,0,1.1107747404420447,1.8466231743287866,2,1,8,0.9301738970011659,0
60,vagabond4.png,54,240,0.6690432073122925,1.858171037176585,0,1,0.07598979486585913,1.0746323055368365,9,1,9,0.9301738970011659,0
61,vagabond4.png,152,227,0.6768213171802712,0.08182350480141475,2,1,0.4963199498977744,1.582162125335664,4,0,2,0.9203055336466645,0
62,vagabond4.png,243,167,1.9132808154362877,1.7418322246565319,8,0,0.5808580550625563,1.6985128723796539,4,0,8,0.8686265988369202,0
63,vagabond4.png,120,29,1.3845877874758827,0.42937196260091104,0,0,0.9630787040091009,0.7547023903713685,9,1,5,0.9167432014843778,0
64,vagabond4.png,70,86,1.1708381235465442,0.9996663496698432,5,0,0.38533590629632947,1.3868290247774933,6,1,8,0.921645631832143,0
65,vagabond4.png,106,107,1.8322051351280075,0.4407324406217903,0,0,1.3059335100267142,1.14740158106826,7,0,6,0.9190903846064412,0
66,vagabond4.png,200,77,1.9794954682768122,1.0284879235660251,5,0,1.6864647158749195,1.167768649091568,1,0,7,0.8686265988369202,0
67,vagabond4.png,158,98,1.8465423940782406,1.8577806454546044,9,1,1.1636979367037086,1.563399871061165,1,1,9,0.8686265988369202,0
68,vagabond4.png,139,11,1.735364223449164,1.9979569739216763,7,1,1.5655643712110854,1.9638468064673649,0,0,6,0.8686265988369202,0
69,vagabond4.png,142,61,0.619449773355758,0.2264175554111182,8,1,1.8905499202969513,1.0031740750254123,5,1,4,0.9301738970011659,0
70,vagabond4.png,108,115,0.25117018798107815,1.8762065609381624,4,1,0.9352182882267038,0.036742612283298594,4,1,7,error,error
71,vagabond4.png,114,41,1.1834357170493481,0.6415008391655272,2,1,0.20253129300999542,0.49512395350883465,0,1,3,0.965984785146443,0
72,vagabond4.png,175,200,1.0476645154382518,0.8369609424538196,4,1,1.986187627901368,1.922935217907156,5,0,3,0.8686265988369202,0
73,vagabond4.png,48,88,0.6762131945469587,0.41513346556616104,6,0,0.7392482533605959,0.3829725307809292,1,0,5,0.9348402359380207,0
74,vagabond4.png,192,191,1.3306790137395723,0.7957372794206067,3,1,1.2124443574116648,0.16793292680069663,0,1,7,0.9496530132435267,0
75,vagabond4.png,184,96,1.7713826591283908,0.6469349639468324,5,1,1.8916891267857119,1.9113864702179881,7,0,7,0.8686265988369202,0
76,vagabond4.png,216,129,0.4494926514127727,1.9022652225076897,6,0,0.5982174319238224,0.08710574960241205,4,0,3,0.9318508659537355,0
77,vagabond4.png,3,76,0.9691073481148005,1.6450441770442814,8,0,0.2984923266695051,0.05455272614601339,8,0,9,error,error
78,vagabond4.png,253,38,1.1768388567772423,1.8474765367117552,7,1,0.9644559896123608,0.7615990945233765,6,0,6,0.9108752436792201,0
79,vagabond4.png,17,155,1.4497052559313417,0.9696225262087048,8,0,1.4662041098273848,1.9809918348607947,4,1,7,0.8686265988369202,0
80,vagabond4.png,213,86,0.056578176701628784,1.3134878612891252,2,0,1.8712773988672624,1.2111206479210608,7,0,9,0.8686265988369202,0
81,vagabond4.png,47,91,0.9987270793421493,1.0997819400101765,8,1,1.316402581523894,0.11375893704509486,1,1,9,0.9167432014843778,0
82,vagabond4.png,118,184,1.0248418087965412,0.9171765006476778,0,0,1.4239717822785125,1.211433444173423,3,0,5,0.9301738970011659,0
83,vagabond4.png,67,81,0.6599675376486128,1.5518724746754655,4,1,0.38625037220930253,1.1487281518929227,2,1,3,0.9232341302827853,0
84,vagabond4.png,194,148,1.1432255147109418,1.8540517027793864,9,0,1.4982264387643973,1.0913974499986043,8,1,7,0.8686265988369202,0
85,vagabond4.png,207,21,1.5852448063797866,1.8382052594801261,8,0,1.5680490997312315,1.1783156293831902,6,0,9,0.8686265988369202,0
86,vagabond4.png,145,186,1.3243771993428775,1.4873724438158265,1,1,1.7159999911287238,0.9258531293253192,1,0,6,0.9646603857627841,0
87,vagabond4.png,68,1,0.5328850815040043,0.33377540496534,8,1,0.3914149322393719,0.19563629944826808,0,0,3,0.941923616930849,0
88,vagabond4.png,11,252,0.1490720207986087,1.8433609057747407,8,0,1.962575340264366,1.6680644822397892,5,0,2,0.8686265988369202,0
89,vagabond4.png,229,127,1.862919031900815,1.2682060692413444,0,0,0.3992469697603223,1.5801223392789325,9,1,9,0.9318508659537355,0
90,vagabond4.png,78,101,1.698346430449258,1.030030934048943,0,0,0.3546655718832772,0.861492941148527,7,1,6,0.9190903846064412,0
91,vagabond4.png,240,177,0.9875231382920231,0.3253310099281023,6,0,0.5494815229105204,1.997686079129298,2,1,5,0.9190903846064412,0
92,vagabond4.png,159,155,1.0772789174918205,1.8426782651756157,9,0,1.8903399362289113,0.891658400689316,3,0,6,0.9301738970011659,0
93,vagabond4.png,136,246,1.633774508578352,0.5425668125858482,2,1,1.892153918939467,0.7085030542685715,4,1,2,0.954108189212038,0
94,vagabond4.png,68,196,1.9220675029292136,1.942307438273641,9,0,0.36842214280886404,0.7654453904646137,3,1,8,0.8686265988369202,0
95,vagabond4.png,119,156,0.13647660644356427,1.7133130763552542,7,0,0.5232605675217255,1.7734173203391432,8,1,4,0.9097016521181884,0
96,vagabond4.png,125,217,1.4089657831833584,1.939417660230702,5,1,0.3047790847632166,1.923989675859668,8,0,6,0.9179167930454102,0
97,vagabond4.png,42,50,0.08189961211239465,1.5862063874248151,2,1,1.6465362378015167,1.6010711053098265,2,1,6,0.9279793623959534,0
98,vagabond4.png,100,160,0.35865567461872416,1.6294200255455265,9,0,0.896493174630416,0.4560860027384378,3,1,2,0.9167432014843778,0
99,vagabond4.png,50,54,0.1331310040027708,1.1259287437873222,3,0,1.0942097340302182,1.584385842073627,1,1,5,0.9252519496477309,0
0,light_and_shadow1.jpeg,81,145,1.387441046310552,0.6702850698422232,6,0,1.8914955651263077,1.2173119897519922,9,0,9,0.77491392743926,0
1,light_and_shadow1.jpeg,18,7,1.2894563193977013,1.7910192444605417,0,1,1.241928681764975,1.1382582147911018,2,1,3,0.8293563880442112,0
2,light_and_shadow1.jpeg,40,74,1.159824089677995,1.272420222867529,8,1,0.9975284970818726,0.04458153265240387,5,1,3,error,error
3,light_and_shadow1.jpeg,126,185,0.02911115854778928,1.7400490216416318,3,1,1.585632649117778,0.11588682341695049,8,1,7,0.7597203640515444,0
4,light_and_shadow1.jpeg,36,32,0.9946724179626656,1.8262229387864075,3,0,0.846040960343054,0.04408795673655377,2,0,2,error,error
5,light_and_shadow1.jpeg,227,89,0.373304239178489,1.818907971402927,9,1,0.3517538278595186,0.33635518265856,5,1,9,0.6548752642782807,0
6,light_and_shadow1.jpeg,11,162,1.9367378612380561,0.24067443445852213,2,0,1.5769448812115165,1.682782560779489,4,0,3,0.6954200255397937,0
7,light_and_shadow1.jpeg,49,45,1.6536898603902301,1.74560442507444,6,1,1.7630659444771155,1.7225643660902945,2,0,9,0.7778961101818843,0
8,light_and_shadow1.jpeg,214,135,1.0235527004547174,0.9135037752582728,9,1,0.806629210351672,1.5570006516305155,6,1,8,0.7525576944562686,0
9,light_and_shadow1.jpeg,88,178,1.7447640207985458,1.7369964641893705,1,0,0.18228295403900538,1.7218209422181958,9,0,4,0.7530562040883139,0
10,light_and_shadow1.jpeg,183,59,0.37385904415397103,1.9651232380144228,8,0,1.2634400925264944,0.8201088988069475,6,0,5,0.6548752642782807,0
11,light_and_shadow1.jpeg,217,7,0.05933450899996859,1.5507802652138774,8,0,0.17030096488560978,1.5806010449052348,7,1,7,0.7965326233588881,0
12,light_and_shadow1.jpeg,132,166,1.4651911011188725,0.5954035023561811,7,1,0.8646809415064283,1.2632244560655432,1,1,3,0.753054096664596,0
13,light_and_shadow1.jpeg,101,50,0.4478211165302876,1.213191132575767,0,0,1.265048329252203,1.3673351741625603,3,1,3,0.7800811312500734,0
14,light_and_shadow1.jpeg,29,215,0.9746340986705545,1.399128914820475,9,1,0.8644071455949535,0.31014390162021466,9,0,9,0.7435993393124175,0
15,light_and_shadow1.jpeg,23,141,1.2565724480618312,0.26146242262539915,3,0,1.4849860890221664,0.10930502723257023,5,1,5,0.781534266707882,0
16,light_and_shadow1.jpeg,188,116,1.4698192623569761,1.851317821787221,5,0,1.0586403437641203,0.816012451991955,1,0,5,0.7527156698803392,0
17,light_and_shadow1.jpeg,110,6,1.0062468138008342,0.3310138795585772,0,1,1.330259513737678,0.6916115075859365,0,0,5,0.9758756835344767,0.9965536690763539
18,light_and_shadow1.jpeg,120,83,1.2561570600961893,0.7126828415538452,2,1,1.2528390432952266,1.4897370945698762,1,0,8,0.8437560577574056,0
19,light_and_shadow1.jpeg,26,7,0.5580346047631671,0.94222355917486,1,0,0.8463171977438356,1.0592515661008228,8,0,2,0.7601599246947413,0
20,light_and_shadow1.jpeg,62,165,0.302795921439526,0.5468125151202374,2,0,1.9301906015684882,0.16036492681521264,3,1,2,0.7820987356556927,0
21,light_and_shadow1.jpeg,144,179,1.7011791180358677,1.8136165190477858,3,1,1.6651403282895836,1.15027649581241,6,0,7,0.747942106563057,0
22,light_and_shadow1.jpeg,155,49,0.02678211442049616,0.8755368011271953,9,0,0.5436488791050769,1.5333979692915802,3,0,8,0.8160898305458428,0
23,light_and_shadow1.jpeg,55,81,1.9100201889283157,0.37898903066936585,4,0,1.3966703610525506,0.6250152827596329,8,0,7,0.7825378197647571,0
24,light_and_shadow1.jpeg,74,229,1.3355656570170396,0.9437715694054638,3,1,1.0221197506275403,0.031391262582556624,0,1,7,error,error
25,light_and_shadow1.jpeg,163,121,1.2975362695804986,0.6858387125353606,5,1,1.216116679329336,1.452777646917584,3,0,4,0.7629297456295635,0
26,light_and_shadow1.jpeg,249,153,0.21450884770631987,1.7003907558831954,3,1,1.0692447591716994,1.7492301255336227,8,0,2,0.6831421580310312,0
27,light_and_shadow1.jpeg,170,93,0.5318599872838355,1.4502045938331718,9,1,1.5038825245822578,0.7641278939852545,2,0,9,0.7342535817117387,0
28,light_and_shadow1.jpeg,88,243,0.9777367314578843,1.3006682988029872,0,1,1.6144265224643224,1.3732808241407508,2,0,2,0.7835460643898375,0
29,light_and_shadow1.jpeg,95,74,0.07593087114764045,0.6711795823827955,7,0,0.7665232779267436,1.9204535682004207,5,0,9,0.7453323486301123,0
30,light_and_shadow1.jpeg,192,214,0.6652536670232413,1.514257716900836,9,1,0.7623424818615997,1.7952711022095154,0,1,6,0.7326792014660891,0
31,light_and_shadow1.jpeg,107,129,0.0603956366416074,1.5638510764924014,4,0,0.9650437802333977,0.6631648366083993,6,0,7,0.7719368397662408,0
32,light_and_shadow1.jpeg,185,235,1.5071975841345493,0.650397555474985,3,0,0.5925858118136728,0.793237808813843,6,1,9,0.7474999125983349,0
33,light_and_shadow1.jpeg,128,135,0.3342154901139243,1.060230709209627,4,0,0.7450022155716473,0.30742609112645003,9,0,4,0.7419277431022613,0
34,light_and_shadow1.jpeg,152,3,0.9164826366589216,1.1148616137645397,2,1,1.7115900841919696,0.3373897702114995,7,1,8,0.750067341365094,0
35,light_and_shadow1.jpeg,106,193,0.959931609524507,0.07141083617788896,3,1,0.15236521401847686,0.8046410988523118,3,1,2,0.8610580436902888,0
36,light_and_shadow1.jpeg,125,62,1.7399614837313953,1.0123722649684155,0,1,0.21738629359977327,1.0313779770911802,8,0,2,0.8339850886476521,0
37,light_and_shadow1.jpeg,106,250,0.19345876244139446,1.0561954320606515,9,1,0.4220545841558052,1.1071865702891346,9,0,9,0.7750219774374479,0
38,light_and_shadow1.jpeg,85,18,1.2333717702893003,1.2746646156942758,7,1,1.038962525851549,1.9982674495753123,2,0,3,0.7835460643898375,0
39,light_and_shadow1.jpeg,8,45,1.7196160003631114,0.1091031471102223,2,1,1.0170109432249161,0.3660104435664348,8,0,2,0.5064360404853866,0
40,light_and_shadow1.jpeg,1,228,1.1260097877465016,1.9916392362883444,0,0,1.8299783346504586,1.982859361302247,5,1,3,0.31495543426084294,0
41,light_and_shadow1.jpeg,150,192,1.4561120722673973,0.9368928167702791,5,0,1.055990781489468,1.703302664130983,3,0,7,0.7561593319746261,0
42,light_and_shadow1.jpeg,228,213,1.0391421460724282,1.5727549303163,1,1,1.1597187062239933,1.6157951742452235,7,1,7,0.7413272532292062,0
43,light_and_shadow1.jpeg,192,228,1.8934357703727462,0.373306997670905,6,1,1.111867119256507,1.0883193692190847,0,0,4,0.7689681971311679,0
44,light_and_shadow1.jpeg,22,224,0.24091738754319017,1.2425675827882936,5,1,0.020113528854610846,1.502493813696977,9,0,2,0.8098163370047242,0
45,light_and_shadow1.jpeg,246,58,0.4161152584458633,1.4452166667065371,0,1,0.021297480699242723,0.41106638291753866,0,1,2,0.9483935148213246,0.9926276449744748
46,light_and_shadow1.jpeg,79,116,1.6699095952507341,0.660334977427803,1,1,1.6684515432201894,1.4675156613818268,7,1,5,0.7749138343765973,0
47,light_and_shadow1.jpeg,62,182,1.245672365052635,1.831629802598338,5,0,1.1728261062982501,1.491480173162515,4,0,8,0.7754723099145198,0
48,light_and_shadow1.jpeg,122,241,0.2755012792553816,1.1638296101117243,7,0,0.3381838101902236,1.2885600880818637,1,0,9,0.8097114581565131,0
49,light_and_shadow1.jpeg,84,241,1.9253446877453881,0.9469427494304126,3,1,1.3928167296939191,1.9480200459880839,3,1,9,0.7800811312500734,0
50,light_and_shadow1.jpeg,8,196,0.1772017651014714,0.8163046912433658,3,0,0.10862178615004012,1.679218204871508,5,1,9,0.4602030479505967,0
51,light_and_shadow1.jpeg,244,247,0.6677833209433183,1.0696521857855845,4,0,1.2878680570311474,1.1251777652032162,2,0,3,0.8115466748091071,0
52,light_and_shadow1.jpeg,58,3,1.8566970760394341,0.23966191261708547,4,0,0.10444621211203829,1.4670021946486622,9,1,5,0.7239595524037827,0
53,light_and_shadow1.jpeg,139,11,1.7924227241151232,0.9433486860855982,8,0,0.8246591708016588,0.3085835767614363,4,1,4,0.7533360435670189,0
54,light_and_shadow1.jpeg,234,13,1.7951552485319935,0.8365509744281907,8,0,0.10258166421285185,1.1430234588288881,3,1,9,0.7379034206589772,0
55,light_and_shadow1.jpeg,113,97,0.20533564491365117,0.09961592145419677,6,1,0.030089935837339755,0.6222725098546138,1,0,7,0.8618552754079205,0
56,light_and_shadow1.jpeg,205,200,0.8677761692173004,1.6491294139345034,7,1,0.8150322649830766,1.7898856178891387,1,1,4,0.7413272532292062,0
57,light_and_shadow1.jpeg,112,177,1.374477337440326,1.5661583316659782,7,1,1.367648868417612,1.2438166140281275,7,1,6,0.7526548542013072,0
58,light_and_shadow1.jpeg,58,42,0.8552827907556142,1.3781024010525866,6,0,1.9680927360492655,1.0253024358411589,8,1,3,0.7648239480532965,0
59,light_and_shadow1.jpeg,119,56,0.07955102898779062,1.6033491146006986,7,0,0.6823177786689887,1.4358264601006565,6,1,2,0.7319042044252586,0
60,light_and_shadow1.jpeg,188,32,1.9842093951201345,0.6227654243183366,2,1,0.8762472010672131,1.789468060804786,4,1,9,0.7603981680205191,0
61,light_and_shadow1.jpeg,109,147,1.65299299900582,1.388560482228327,4,1,1.3001630006731517,1.8959544209372827,4,1,8,0.7398294980196632,0
62,light_and_shadow1.jpeg,242,40,0.02949976957683141,1.8398879358231945,1,0,0.7600844349144684,1.0612462585571711,7,1,5,0.7413272532292062,0
63,light_and_shadow1.jpeg,49,196,1.2977299097702906,0.06605151830971041,9,1,0.36299935205414585,1.8618433011423081,0,0,5,error,error
64,light_and_shadow1.jpeg,52,97,1.6638602040801858,1.0612157729676317,5,0,0.6639169908711535,1.7981733830666682,8,0,6,0.6972484578012179,0
65,light_and_shadow1.jpeg,82,239,0.2238021900117684,1.924907800904235,0,0,0.262955672534593,1.264181616872813,4,1,7,0.8677149743126439,0
66,light_and_shadow1.jpeg,25,238,0.1269271268310592,1.0457808644681723,7,1,1.5937023096061227,0.6280376297543919,7,0,3,0.7670671603650977,0
67,light_and_shadow1.jpeg,96,80,0.8087886795034304,0.9952287409836408,8,0,1.9277173602986477,0.15014049506652763,8,1,9,0.7719368397662408,0
68,light_and_shadow1.jpeg,127,232,1.7800943105455866,0.655804463517706,1,0,1.3679281390089197,1.123309155395083,0,0,5,0.8482338947590877,0
69,light_and_shadow1.jpeg,95,57,1.866805213350104,1.1797576207877454,8,1,0.675053115196181,0.13092409981051073,6,0,7,0.7564313262361332,0
70,light_and_shadow1.jpeg,70,214,1.1992120366726047,0.37051536864084145,1,0,0.8254761435201321,0.6350763906926397,0,0,9,0.8882736976155038,0
71,light_and_shadow1.jpeg,206,53,0.7226200607570135,1.5812255737469998,0,0,1.7460095492145666,0.43757885105976857,3,0,7,0.7685309548954896,0
72,light_and_shadow1.jpeg,34,152,1.8265172108390353,0.6767708762947817,8,0,1.636018362392896,0.01635502604502145,0,0,6,error,error
73,light_and_shadow1.jpeg,122,146,0.4278325047934781,1.0544036147197164,5,1,1.0118646129142697,1.9753624038590236,0,1,7,0.8064595834809917,0
74,light_and_shadow1.jpeg,155,28,1.6962422175365413,0.29250704016255363,4,0,0.008362964804615703,1.5439920831987068,0,0,2,error,error
75,light_and_shadow1.jpeg,97,112,0.8572428625989261,1.0802803782438684,0,0,1.814111838483005,1.5070492211530826,8,1,3,0.7633050705018448,0
76,light_and_shadow1.jpeg,179,163,1.481087248813618,0.42605548338057664,1,0,1.2741484843713453,1.3937546349255252,4,1,2,0.7526074799695477,0
77,light_and_shadow1.jpeg,243,7,0.7977065023864185,1.0447409068390563,6,1,0.03719461810952262,0.36241600908313865,2,1,2,0.7479826069088714,0
78,light_and_shadow1.jpeg,137,251,1.52476972673447,0.018507119487199585,0,1,1.8419634927464636,1.530318419700858,5,0,2,error,error
79,light_and_shadow1.jpeg,56,228,0.7861583364581333,1.9057677241200752,9,1,1.0124276689164675,1.7602573893178401,9,1,6,0.6548752642782807,0
80,light_and_shadow1.jpeg,195,38,0.8186215424544474,1.1680575341295996,3,1,1.2676313869601532,1.0601990988296957,6,0,4,0.7414572478027825,0
81,light_and_shadow1.jpeg,11,135,0.4218586833037253,0.94092507691263,1,1,0.2048715487662603,0.7067066668307065,1,0,5,0.5429203266328771,0.9046185190665532
82,light_and_shadow1.jpeg,196,242,1.7967629991555347,0.09050153839647267,5,1,1.2167308611004166,1.7162456721742718,5,1,9,0.7449704151256116,0
83,light_and_shadow1.jpeg,189,190,1.6223104043660732,0.6309525449305328,4,0,0.3239198981615759,0.817260063054844,4,1,8,0.7600483570024096,0
84,light_and_shadow1.jpeg,210,220,0.83725741183552,1.2310624333372133,4,0,0.19500335544456726,1.870567148120431,1,1,7,0.7599968664187653,0
85,light_and_shadow1.jpeg,80,119,0.07025050929456786,1.8421675909101247,5,0,1.834756992269668,0.8651004650062594,1,0,5,0.8640936162663704,0
86,light_and_shadow1.jpeg,77,246,1.4837336827378997,0.8086221154113938,2,1,1.0168798222592683,0.435934690775502,6,1,4,0.783624174363137,0
87,light_and_shadow1.jpeg,47,78,1.6069068730915994,1.5225783271491558,6,0,1.0316862213742497,0.5385605337664809,8,1,6,0.7615051944461444,0
88,light_and_shadow1.jpeg,1,147,1.7761438300100563,0.6173059058024829,9,1,0.1673635889588253,0.8315223832810071,1,1,5,0.33366569663860035,0
89,light_and_shadow1.jpeg,196,194,0.0884711434847012,1.7305887525879378,0,0,0.5628387830334476,1.5233237676971914,7,1,8,0.7529949366919471,0
90,light_and_shadow1.jpeg,106,109,1.8764321342485852,0.3101089382782555,3,0,0.6613452256299865,1.2886000215658115,0,0,8,0.7800811312500734,0
91,light_and_shadow1.jpeg,57,225,1.1596821029566502,0.8076308963708914,7,1,0.90038217238329,1.6585604491984007,0,0,9,0.7678005823448039,0
92,light_and_shadow1.jpeg,73,144,0.6700632269691181,0.22787294288439908,0,1,1.1772061818439807,0.12859293895388937,1,1,7,0.8882736976155038,0
93,light_and_shadow1.jpeg,234,227,1.423194402356065,1.8839366096812546,5,1,0.7441391754058909,0.1407987981724733,8,0,4,0.7456517439876877,0
94,light_and_shadow1.jpeg,134,233,0.08353120150422573,1.3444345423540045,4,1,1.7749926652006236,0.5479123765730882,6,1,3,0.7400961838387997,0
95,light_and_shadow1.jpeg,242,39,1.6055668694579965,0.9628512843263398,1,1,0.7102608868228901,0.8402614360969081,2,0,3,0.8543179510201838,0
96,light_and_shadow1.jpeg,189,233,0.5846774305181109,1.1841574624535312,9,0,1.0535623375081256,1.015141557546807,8,1,6,0.7529949366919471,0
97,light_and_shadow1.jpeg,54,153,0.4056818061102561,0.06826585649609705,4,0,0.9000610253283156,0.7222381498220063,2,0,7,error,error
98,light_and_shadow1.jpeg,77,140,1.5291625768731265,0.12338435316201973,7,0,1.4902570316129014,0.9533824985266921,6,0,3,0.7825378197647571,0
99,light_and_shadow1.jpeg,139,109,1.6075009296359053,1.7616115046724206,9,0,1.717541632229329,1.9501069737243395,5,1,2,0.6548752642782807,0
0,light_and_shadow2.jpeg,46,47,1.3503418746374445,0.4827185597811836,9,1,0.43922026883878096,1.234504254472982,2,0,2,0.8519002554656432,0.7271396973813552
1,light_and_shadow2.jpeg,29,172,1.9714208115593672,1.490459717816857,6,1,0.6956066612812818,1.468850348142961,2,1,2,0.8512598544857412,0.7271985843077392
2,light_and_shadow2.jpeg,67,4,1.7118220777564204,0.09793373712760856,9,0,1.0230096995843618,0.2336399750525633,4,0,7,0.8378082641805624,0.7283763228354175
3,light_and_shadow2.jpeg,224,168,0.966686703442907,1.1808252067307992,4,1,0.541769834166015,0.3673128614626262,5,0,5,0.7487260985665812,0
4,light_and_shadow2.jpeg,55,158,0.2785387290331932,1.2084332962617086,3,1,0.831410226765461,1.6083901659757924,9,0,3,0.741516437472716,0
5,light_and_shadow2.jpeg,79,91,0.6823457434558264,0.6199068620689367,3,0,1.0550783085449897,1.38441174075673,8,0,9,0.8030344019593229,0
6,light_and_shadow2.jpeg,34,184,1.2579932389722768,1.7502992567040077,5,1,0.3013231183447458,0.024778368220783147,6,1,9,error,error
7,light_and_shadow2.jpeg,214,114,0.29682953771515497,0.1486839087522022,8,1,0.8259403746854284,0.3828446635492916,4,0,5,0.763616617788646,0.8365474490174861
8,light_and_shadow2.jpeg,63,152,1.9226963083838373,1.7425640535687745,0,1,1.0048784648641527,0.7388366565143016,8,0,5,0.9084596416877753,0.9816919283375551
9,light_and_shadow2.jpeg,102,247,1.9190958277615904,0.003252589839477567,3,1,1.974186545196981,0.9988388910002716,2,1,7,error,error
10,light_and_shadow2.jpeg,92,224,0.8601782641589534,1.823166374543669,2,0,1.9615782563142141,1.7420999978905556,3,0,7,0.8477389714102611,0.9683699903887291
11,light_and_shadow2.jpeg,8,245,0.5408318273556733,1.1813962707218804,6,1,1.5764045590912714,0.08090473135072428,3,0,3,0.4085323169469871,0
12,light_and_shadow2.jpeg,193,126,1.0724867967242322,1.0987950605457257,4,0,1.638728881043901,1.484515975737313,4,1,4,0.7403733002231909,0
13,light_and_shadow2.jpeg,229,149,0.8058390358446486,0.19879192751878103,5,0,0.21800768688454988,0.5777228779628145,0,1,4,0.753965598342269,0.8552120668361536
14,light_and_shadow2.jpeg,180,128,0.6689399683866507,1.1107237460452395,1,1,1.311944426037533,1.3257919380952323,7,1,6,0.6911148908718304,0.7397733453611106
15,light_and_shadow2.jpeg,93,173,0.1285597728479188,0.6239102207929443,9,1,1.5384618845895888,0.6068877247211447,8,1,4,0.8139505530590028,0.7261975065592126
16,light_and_shadow2.jpeg,31,170,1.4516893847871775,1.21601249302879,4,0,0.17348562811363008,0.45229962954247405,1,1,4,0.9131889327520272,0.9826377865504055
17,light_and_shadow2.jpeg,42,13,0.6658798384830378,1.4534317846365894,5,1,0.9807168680937364,0.6507561687289591,2,1,4,0.8984859865446588,0.9796971973089319
18,light_and_shadow2.jpeg,164,87,1.0990572243123704,0.7160073298908662,3,0,1.2710239149795928,1.2028579795724599,8,1,4,0.7121034447586743,0.7424232570483872
19,light_and_shadow2.jpeg,199,238,0.14470262317738974,1.9382931129414038,2,0,0.5543088133520067,1.0894049125214913,1,0,5,0.7640873118253749,0
20,light_and_shadow2.jpeg,121,48,1.858758048618554,1.1834328714648126,2,1,0.43007048763940664,0.7990288839405222,1,1,5,0.8358959063138304,0
21,light_and_shadow2.jpeg,217,20,1.0372847050830813,1.1173662370793074,6,0,1.4125946975895551,1.1329457645649916,3,1,4,0.7383557205051859,0
22,light_and_shadow2.jpeg,88,172,0.38296471088898076,0.00926713352991081,4,0,0.6174338753170724,0.18135505923663647,7,1,3,error,error
23,light_and_shadow2.jpeg,28,195,1.855425660441651,1.1645616665910945,5,0,1.8274062132374789,0.4834520172957545,0,1,6,0.8695422931466822,0.8114659036263593
24,light_and_shadow2.jpeg,14,41,1.7939815627840294,1.4292356653363725,0,1,1.044447346089257,1.3785956797265844,5,1,6,0.38120860906835724,0
25,light_and_shadow2.jpeg,121,150,0.8937489493168049,1.5553665449454346,3,0,1.0010308151417213,1.061523397280926,2,1,4,0.8172963368116993,0.832643285643704
26,light_and_shadow2.jpeg,184,253,0.6786687116412504,1.6728367662224233,3,1,1.6423128678138668,0.7271538548536705,6,0,6,0.7036687999505125,0.7416936284273409
27,light_and_shadow2.jpeg,119,55,1.2683711853550135,0.889808880702404,1,1,1.3379099864820145,1.9974787148064739,7,0,8,0.6826293476746813,0
28,light_and_shadow2.jpeg,160,144,1.145012560277873,0.6330097893158088,0,0,1.2256663655891062,1.4343020754687608,7,0,8,0.7238666341143231,0
29,light_and_shadow2.jpeg,123,85,1.9727000792668665,1.5603466322614596,3,0,0.6515476295367335,0.5016981206467963,6,1,5,0.7924245840719748,0.8276830917760687
30,light_and_shadow2.jpeg,92,126,0.6366274876655856,0.9255218066683844,5,0,0.0445508294100086,0.8176864454617734,4,1,5,0.8738080796042393,0.974761615920848
31,light_and_shadow2.jpeg,170,97,1.6532694010271891,1.7061854752281216,8,0,1.2635118429744219,1.165303434714403,7,1,4,0.638170045083045,0
32,light_and_shadow2.jpeg,8,29,1.9042848181694572,0.6186451634727439,0,0,1.8694202973407645,0.5532189915358988,9,1,6,0.4174672625266944,0
33,light_and_shadow2.jpeg,83,192,0.7868309079428542,0.05985568710474148,8,1,1.2985551066380305,0.753424485228112,9,0,3,error,error
34,light_and_shadow2.jpeg,101,61,1.2796972975567376,0.9617082760285061,0,0,1.4042322764403137,0.21662521024257306,9,0,8,0.7649333365465915,0
35,light_and_shadow2.jpeg,80,50,1.6658374054995118,1.6170787481384654,0,0,1.374463915531191,0.5245603991315626,1,1,9,0.9802376456108964,0
36,light_and_shadow2.jpeg,129,46,0.7370749239610466,1.0983392117209934,9,1,1.7650468576421805,1.333768861168656,6,1,8,0.7181507964103226,0.7457798118522707
37,light_and_shadow2.jpeg,249,4,0.7536684562308582,1.6393997133071774,3,1,1.0598820554414172,0.2107791484526979,6,0,2,0.7339632970445966,0
38,light_and_shadow2.jpeg,110,237,0.023682742755327356,1.3579148638435004,9,0,1.8940434413539156,1.0598288883458336,5,0,3,0.7026800409312995,0
39,light_and_shadow2.jpeg,74,219,0.8660639021142955,1.2145676438394648,2,0,1.8767031209834397,1.018576324031057,1,1,8,0.9909360074012298,0.9981872014802459
40,light_and_shadow2.jpeg,234,81,1.9230294742449476,0.8076658058708046,7,0,0.6797290176754487,0.43032489154677644,1,1,6,0.687566229093106,0
41,light_and_shadow2.jpeg,220,230,0.8943625787333495,1.8421077186094499,1,0,0.4226424062355723,1.0150490882552823,4,0,6,0.7628967659734266,0
42,light_and_shadow2.jpeg,52,118,1.2240739849875895,1.591903970130627,3,0,0.09820383322927546,0.5880227619367149,6,0,7,0.8937578022223931,0.9787515604444789
43,light_and_shadow2.jpeg,156,30,1.1037250334982196,0.02465016828299947,1,0,1.017583723190695,1.6772106012105505,9,0,3,error,error
44,light_and_shadow2.jpeg,55,213,0.9775047066151202,0.14821531049847753,9,0,0.18757642465361749,0.8932039205816815,8,0,9,0.886486311298702,0.9772972622597405
45,light_and_shadow2.jpeg,236,39,1.044779563774553,0.8446694430056696,4,1,1.7900503758763064,0.1534365789474174,6,1,7,0.694412998141815,0.7399037122020018
46,light_and_shadow2.jpeg,160,136,1.452445422559416,1.7663517855894446,4,0,1.4831579003977187,1.7674324507681212,6,1,3,0.7374354470501714,0.8595813097077457
47,light_and_shadow2.jpeg,135,204,0.7915723658151665,0.9328770899380956,9,0,0.42478694489060204,1.561903627225773,7,0,6,0.7534390702219848,0
48,light_and_shadow2.jpeg,9,150,0.7930629966839196,0.8767077713803303,4,0,0.47717141159134285,1.785475987991954,5,0,2,0.48696088990642367,0
49,light_and_shadow2.jpeg,237,149,0.926848383776188,1.093689611463135,1,0,1.4743534485968504,1.4827502160009618,2,0,8,0.7513249820781369,0.8548273226255464
50,light_and_shadow2.jpeg,159,45,1.3333728297873215,0.056278614637994585,2,1,0.7931011834210788,0.06947846221261106,5,1,8,error,error
51,light_and_shadow2.jpeg,124,70,0.6977375248754719,1.2623916938981452,0,1,0.29720735708411855,0.8551950767099218,7,1,5,0.8372415357936445,0
52,light_and_shadow2.jpeg,136,224,1.1479843460301584,1.2948060625768933,8,1,1.3862852926620535,0.3770189180868783,4,0,9,0.7520999471969926,0.8625142097371101
53,light_and_shadow2.jpeg,74,46,1.631922756156383,0.04556400832340038,5,0,1.2741010447268966,1.1833488917148294,4,0,7,error,error
54,light_and_shadow2.jpeg,13,65,0.29173016000129104,1.4183581883694663,5,1,1.590900985975673,0.7723530841981866,2,0,9,0.41483038951530193,0
55,light_and_shadow2.jpeg,32,45,0.3003010723204836,0.9416774334951198,3,0,0.7947922651467354,1.8374012197538128,2,0,6,0.9720193810682721,0
56,light_and_shadow2.jpeg,53,137,0.2292475750375769,0.7782919597196462,1,1,0.4759474403642112,1.5405227273258384,8,1,5,0.9131495251508376,0.9826299050301677
57,light_and_shadow2.jpeg,65,224,0.28000061746721067,0.13019440514423442,8,1,0.05841077617414257,0.14784394838588985,7,1,6,0.9401347678993958,0
58,light_and_shadow2.jpeg,251,97,0.8930771988023719,0.7601098773310457,5,0,0.38620166580439447,0.7373723061823894,3,0,8,0.746121775972474,0
59,light_and_shadow2.jpeg,106,107,0.20517425932021593,1.9234532916207627,6,0,1.0558202812155884,1.7520058136565069,6,0,6,0.7844493083511788,0
60,light_and_shadow2.jpeg,48,61,0.010505155451446955,1.5707836462921747,6,1,1.9634995053991655,0.12535400561697835,6,0,2,error,error
61,light_and_shadow2.jpeg,125,227,1.6785286191243673,1.4690743255809129,4,1,1.145477674351816,0.7979302825641347,4,1,6,0.7960754661806085,0.8283517815492394
62,light_and_shadow2.jpeg,56,148,0.6550712507853625,1.3216764207348652,4,1,1.263569009964307,1.7930214970119145,2,1,9,0.9655719591543465,0.9931143918308694
63,light_and_shadow2.jpeg,213,231,0.27046952314368267,1.46351224736053,2,0,0.33605321877052496,1.0528410630648062,4,1,8,0.7590965289113052,0
64,light_and_shadow2.jpeg,152,169,1.98864948950729,0.8085264630841433,2,1,0.5830792642497686,1.8022062819670428,7,1,2,0.6690386143717415,0
65,light_and_shadow2.jpeg,85,184,1.1948402086166645,0.16162308048140642,7,0,0.0355517100082336,1.5453253864845573,9,0,8,0.7418317764966829,0
66,light_and_shadow2.jpeg,231,90,1.472717702094296,1.3109202692315156,1,1,1.0952914207552156,1.0373061731601978,0,1,9,0.7871908475443248,0.8403490117511758
67,light_and_shadow2.jpeg,170,161,1.7574654179133002,1.4870426642599865,1,0,1.4450367577641834,1.6771198526715219,4,1,3,0.7610813071394691,0.856931456603134
68,light_and_shadow2.jpeg,57,187,0.0191678014960783,0.08447127290540246,1,0,0.06565035146484466,0.04047616861640175,3,0,2,error,error
69,light_and_shadow2.jpeg,109,82,0.07247738721416286,0.9344989837686906,8,1,1.7666880638422595,1.3492198434373948,7,0,8,0.708620814167804,0
70,light_and_shadow2.jpeg,207,104,0.15519097335314763,1.1348250204260664,4,1,1.3564358655993551,0.7843439698020771,5,1,5,0.7374564439422462,0
71,light_and_shadow2.jpeg,12,149,1.9734318898160201,1.4177807842287096,6,0,0.38838816560854694,1.3702289973646269,1,1,3,0.6079514873320716,0
72,light_and_shadow2.jpeg,33,188,0.22345367309930048,1.5828992723523188,0,0,0.09562687757232326,1.2563318162319508,9,1,5,0.922412763061054,0
73,light_and_shadow2.jpeg,104,69,0.27742529548447953,1.8975989434034761,1,0,0.6526315846493489,1.3301655797298404,4,0,8,0.8924017300166682,0
74,light_and_shadow2.jpeg,18,108,0.38470778783195847,1.8066389306137096,4,1,1.8656690614413125,0.3964960844320244,3,1,4,0.6553770783565017,0
75,light_and_shadow2.jpeg,62,88,1.3205862509797308,0.4871382692089113,1,0,1.1697500880862193,0.2916750087788042,9,1,8,0.8271615175422189,0.7275519058660427
76,light_and_shadow2.jpeg,6,140,1.8772673415388907,1.4615476089291863,3,1,1.6648994224578246,1.4073350325747147,1,1,6,0.38120860906835724,0
77,light_and_shadow2.jpeg,124,101,1.0819309306965652,1.1763167380822266,2,0,0.8990310431842449,0.8848803986163646,1,1,8,0.8691347540014557,0
78,light_and_shadow2.jpeg,171,156,1.277439271412485,1.4967479410162183,9,1,1.5626980111902946,1.2875703588938288,8,0,9,0.6441480316558782,0
79,light_and_shadow2.jpeg,187,249,0.8628848175174478,1.1765480997678808,9,1,1.8177401197385203,1.6477094379453796,3,1,2,0.7343314555660413,0.8515940792765718
80,light_and_shadow2.jpeg,181,133,0.6057123045819363,1.0462824017915573,0,1,1.8090129923855212,1.8056302822283146,5,1,5,0.7297489585651676,0.8580440120107454
81,light_and_shadow2.jpeg,111,165,1.4101497727399472,1.9485728092472288,4,1,0.5177098837018016,0.10746028132667554,8,1,6,0.7973585165298874,0.8286083916190954
82,light_and_shadow2.jpeg,56,206,1.5887497701759303,0.6661305963050234,7,0,0.0744579908827501,0.573816071488323,6,1,4,0.8347879567732852,0.7271396973813552
83,light_and_shadow2.jpeg,7,143,1.2205933015557235,1.245815836962113,3,0,0.6480637723412047,0.3857005489327042,4,1,6,0.40812412664680037,0
84,light_and_shadow2.jpeg,15,248,1.41587258956157,0.3346845541235802,3,1,0.6168250504500902,1.917341919750248,0,0,7,0.43188696230293067,0
85,light_and_shadow2.jpeg,39,11,0.17476959166872377,0.7753521550947858,9,1,0.9937996331762797,1.5188682180671234,5,1,2,0.8784473371725301,0
86,light_and_shadow2.jpeg,97,206,0.8682418265840175,0.7231781611739054,5,1,1.6031800010512467,1.1129608295163769,9,1,2,0.7802569966066369,0
87,light_and_shadow2.jpeg,134,15,1.5562721772580481,0.4123631378888713,4,0,1.0647820473879341,1.8617973000134025,1,1,8,0.8031556515945913,0.8650500774866179
88,light_and_shadow2.jpeg,165,107,1.8622643073623582,0.5864258577646871,7,1,1.076728530653336,0.2736333223312614,5,1,6,0.7159017637918481,0.7450731687356636
89,light_and_shadow2.jpeg,0,244,0.6516038015064648,0.0686978061803335,1,0,0.3800695412763607,0.8262035723476635,9,1,2,error,error
90,light_and_shadow2.jpeg,130,106,0.999225444721172,1.6685625026818618,0,0,0.9471386326336605,1.513755571706756,9,1,3,0.6800003403794523,0
91,light_and_shadow2.jpeg,39,229,0.5933762654314175,1.3133774397561657,6,1,0.4758064433027739,0.3274150395253997,7,1,6,0.8881429400492328,0.9776285880098465
92,light_and_shadow2.jpeg,150,117,0.40232977168804673,1.640403316182188,7,0,1.2106110193817738,1.7989399882587362,9,0,2,0.6408199567703216,0
93,light_and_shadow2.jpeg,98,253,1.0837652777128868,1.6462794003271077,5,0,1.6271211531001961,1.2787018150022438,8,0,4,0.751655395017525,0
94,light_and_shadow2.jpeg,12,66,1.125782298172409,1.8590621006383716,3,1,1.6388354328994459,0.014646539557141014,2,1,7,error,error
95,light_and_shadow2.jpeg,75,44,1.3588497994546203,0.5742651575304908,3,0,0.5920670253040927,1.0297386673955053,0,1,6,0.9046086019272647,0.980921720385453
96,light_and_shadow2.jpeg,92,162,1.1353187496178505,1.393916905899433,2,0,1.841176288188329,1.38034282420886,7,1,3,0.7849060755120317,0
97,light_and_shadow2.jpeg,135,18,0.6530669802171113,1.3072267831875883,3,0,0.11906369380223239,0.8814101239506543,1,1,4,0.8443346087253107,0
98,light_and_shadow2.jpeg,41,64,0.8554198921782151,0.053665855082833946,4,0,0.06603733858262319,1.2158634000124975,2,1,5,error,error
99,light_and_shadow2.jpeg,124,87,1.298992635984671,0.7163185850209073,3,1,0.38737752357497734,0.4845067871955438,8,1,3,0.8184617570906267,0
